Lon,Lat,Clave,Edo,Est,Tmax
-102.32,21.7,MMAS,AGS,"Aeropuerto Internacional de Aguascalientes, Ags.*",33.7
-102.37,21.78,NGRAG,AGS,"El Niágara, Ags.",33.8
-102.79,21.81,MNLAG,AGS,"Media Luna, Ags.",38.3
-102.29,21.85,OBSAG,AGS,"Observatorio de Aguascalientes, Ags.",37.5
-102.31,21.9,AGSAG,AGS,"Aguascalientes, Ags.",36.6
-101.99,21.9,CNSAG,AGS,"Los Conos, Ags.",36.0
-102.68,22,CDRAG,AGS,"La Codorniz, Ags.",36.9
-102.36,22.12,JCQAG,AGS,"Jocoque, Ags.",36.7
-102.42,22.14,PECAG,AGS,"Plutarco Elías Calles, Ags.",34.1
-102.28,22.15,PBLAG,AGS,"Pabellón, Ags.",34.4
-102.46,22.19,P50ANIV,AGS,"Presa Cincuenta Aniversario, Ags. SMN*",34.0
-102.14,22.2,PTOAG,AGS,"Puerto de la Concepción, Ags.",34.0
-102.44,22.24,PTRAG,AGS,"Derivadora Pabellón, Ags.",35.1
-102.61,22.27,SIERRAFRIA,AGS,"Sierra Fría, Ags. SMN*",27.8
-102.3,22.36,CSOAG,AGS,"Cosío, Ags.",28.0
-102.5,21.88,AGUASCALIENTESo,AGS,"Observatorio de Aguascalientes, Ags. SGT*",35.8
-114.72,29.73,CATAVINA,BC,"Cataviña, B.C. SMN*",28.4
-116.6,31.89,ELZBN,BC,"Emilio López Zamora, B.C.",21.6
-116.2,32.27,AGHBN,BC,"Agua Hechicera, B.C.",24.3
-116.91,32.44,ALRBN,BC,"Abelardo L. Rodríguez, B.C.",25.3
-116.83,32.47,EFLBN,BC,"El Florido, B.C.",23.1
-116.7,32.48,CRRBN,BC,"El Carrizo, B.C.",25.2
-116.3,32.52,HNGBN,BC,"El Hongo, B.C.",25.0
-114.73,32.7,PDMBN,BC,"Presa derivadora Morelos, B.C.",35.7
-115.27,32.39,MXCBN,BC,"Mexicali, B.C.",38.1
-115.94,30.53,SQNBN,BC,"San Quintín, B.C. SMN*",20.1
-116.6,31.89,PLOPEZZAMORA,BC,"Presa Emilio López Zamora, B.C. SMN*",19.7
-116.91,32.45,PABELARLRDGZ2,BC,"Abelardo L. Rodríguez. 2, B.C. SMN*",22.5
-116.66,32.57,TECATE,BC,"Tecate, B.C. SMN*",23.7
-114.85,31.03,SFLBN,BC,"Observatorio de San Felipe, B.C.",31.9
-115.15,32.41,ENLBN,BC,"Observatorio de Ejido Nuevo León, B.C.",36.9
-115.46,32.67,MEXBN,BC,"Mexicali, B.C. SMN*",31.3
-115.5,31.1,ISANPEDR1,BC,"San Pedro Mártir, B.C. UNAM*",14.9
-116.97,32.54,MMTJ,BC,"Aeropuerto Internacional de Tijuana, B.C.*",20.5
-115.25,32.63,MMML,BC,"Aeropuerto Internacional de Mexicali, B.C.*",34.5
-115.92,32.04,CONST1857,BC,"Constitución de 1857, B.C. SMN*",22.4
-116.17,31.1,ENSBN,BC,"Observatorio de Ensenada, B.C.",21.5
-116.64,31.7,PTBBN,BC,"Punta Banda, B.C.",23.2
-114.83,30.99,SANFELIPEMAR,BC,"San Felipe, B.C. SEMAR*",31.3
-117.25,32.42,ISLACORONADOMAR,BC,"Isla Coronado, B.C. SEMAR*",20.0
-115.19,32.41,ENVOLEONob,BC,"Observatorio del Ejido Nuevo León, B.C. SMN*",37.0
-115.95,30.6,SANISIDROS,BC,"San Isidro, B.C. SIMARBC*",19.0
-116.16,31,COLONET,BC,"Colonet, B.C. SIMARBC*",19.9
-116.38,31.27,ERENDIRA,BC,"Erendira, B.C. SIMARBC*",18.9
-116.41,31.56,SANTOTOMASS,BC,"Santo Tomás, B.C. SIMARBC*",25.0
-116.61,31.7,MANEADERO,BC,"Maneadero, B.C. SIMARBC*",18.8
-116.62,32.07,ELPORVENIRS,BC,"El Porvenir, B.C. SIMARBC*",22.8
-116.52,32.12,GUADALUPES,BC,"Guadalupe, B.C. SIMARBC*",23.8
-115.06,32.18,ZACATECASS,BC,"Zacatecas, B.C. SIMARBC*",32.5
-116.65,32.38,LASPALMASS,BC,"Las Palmas, B.C. SIMARBC*",25.7
-114.83,32.49,SANLUISS,BC,"San Luis, B.C. SIMARBC*",34.2
-115.04,32.67,ANDRADE,BC,"Andrade, B.C. SIMARBC*",33.8
-116.21,32.27,RUMOROSA,BC,"La Rumorosa, B.C. SMN*",24.2
-115.37,32.54,MEXICALIS,BC,"Mexicali, B.C. SIMARBC*",34.6
-115.38,32.63,MEXICALIOB,BC,"Mexicali Observatorio, B.C. SMN*",35.1
-111.35,26.01,BLORETO,BCS,"Bahía de Loreto, B.C.S. SMN*",33.7
-109.92,22.89,SANLUCAS,BCS,"Cabo San Lucas, B.C.S. SMN*",32.8
-109.92,22.89,SLUBS,BCS,"Cabo San Lucas, B.C.S. SMN*",29.9
-109.93,22.9,CSLBS,BCS,"Cabo San Lucas, B.C.S.",29.2
-109.71,23.12,SJCBS,BCS,"San José del Cabo, B.C.S.",31.2
-110.21,23.48,TSNBS,BCS,"Todos Santos, B.C.S.",26.1
-109.71,23.49,SNTBS,BCS,"Santiago, B.C.S.",36.7
-109.59,23.59,RBRBS,BCS,"La Ribera, B.C.S.",33.1
-109.7,23.68,LBABS,BCS,"Los Barriles, B.C.S.",34.7
-110.06,23.8,SANBS,BCS,"San Antonio, B.C.S.",39.5
-109.93,23.97,PLNBS,BCS,"Los Planes, B.C.S.",35.9
-110,24.08,SARBS,BCS,"El Sargento, B.C.S.",31.4
-113.46,27.64,DORBS,BCS,"Díaz Ordaz, B.C.S.",24.8
-114.05,27.96,GNGBS,BCS,"Guerrero Negro, B.C.S.",20.6
-111.98,26.9,MLGBS,BCS,"Mulegé, B.C.S.",32.0
-110,23.56,SLAGUNA,BCS,"Sierra La Laguna, B.C.S. SMN*",28.7
-110.37,24.15,LPZBS,BCS,"Observatorio de La Paz, B.C.S.",36.3
-111.66,25.01,CCNBS,BCS,"Observatorio de Ciudad Constitución, B.C.S.",31.4
-111.35,26.01,LRTBS,BCS,"Observatorio de Loreto, B.C.S.",34.0
-112.27,27.34,SRLBS,BCS,"Observatorio de Santa Rosalía, B.C.S.",31.1
-113.46,27.64,DIAZORDAZBN,BCS,"Gustavo Diaz Ordaz, B.C.S. SMN*",26.0
-109.72,23.14,MMSD,BCS,"Aeropuerto Internacional de Los Cabos, B.C.S.*",32.3
-110.37,24.08,MMLP,BCS,"Aeropuerto Internacional de La Paz, B.C.S.*",33.2
-111.35,25.99,MMLT,BCS,"Aeropuerto Internacional de Loreto, B.C.S.*",31.4
-109.42,23.45,CPULMO,BCS,"Cabo Pulmo, B.C.S. SMN*",29.8
-110.32,24.12,LAPAZob,BCS,"Observatorio de La Paz, B.C.S. SMN*",37.4
-111.83,24.48,PCORTESMAR,BCS,"Puerto Cortés, B.C.S. SEMAR*",25.3
-109.94,22.95,MMSL,BCS,"Aeródromo Internacional de Cabo San Lucas, B.C.S.",30.9
-112.1,27.09,STAROSALIAMAR,BCS,"Santa Rosalía, B.C.S. SEMAR*",28.8
-114.02,27.98,UABCSCGNJ,BCS,"UABCS Campus Guerrero Negro, B.C.S. JCAS*",20.5
-109.91,22.88,SANLUCASmar,BCS,"Cabo San Lucas, B.C.S. SEMAR*",31.2
-89.4,18.5,XPJCA,CAMP,"Xpujil, Camp.",38.3
-91.05,18.18,CNDCA,CAMP,"Candelaria, Camp.",41.1
-92.09,18.25,PLZCA,CAMP,"Palizada, Camp.",41.9
-90.74,18.6,ESCCA,CAMP,"Escárcega, Camp.",39.0
-91.76,18.65,CARCA,CAMP,"El Carmen, Camp.",38.8
-91.18,18.97,SBNCA,CAMP,"Sabancuy, Camp.",40.1
-90.58,19.3,CANCA,CAMP,"Canasayab, Camp.",40.0
-90.72,19.36,CHMCA,CAMP,"Champotón, Camp.",39.8
-90.22,19.61,NYXCA,CAMP,"Noh-Yaxché, Camp.",44.0
-89.86,19.66,XCPCA,CAMP,"Xcupil, Camp.",40.5
-90.54,19.84,CMPCA,CAMP,"Campeche, Camp.",40.3
-90.51,19.84,COBCA,CAMP,"Observatorio de Campeche, Camp.",42.4
-90.11,20.18,HECCA,CAMP,"Hecelchakán, Camp.",41.6
-90.82,18.06,MONCLOVACAMP,CAMP,"Monclova, Camp. SMN*",43.7
-91.8,18.65,MMCE,CAMP,"Aeropuerto Internacional de Ciudad del Carmen, Camp.*",37.1
-90.5,19.81,MMCP,CAMP,"Aeropuerto Internacional de Campeche, Camp.*",39.5
-89.89,18.36,CALCA,CAMP,"Calakmul, Camp. SMN*",39.0
-90.31,19.01,YOHALTUM,CAMP,"Yohaltún, Camp. SMN*",42.7
-89.74,20,BOLCA,CAMP,"Bolonchen, Camp.",39.4
-92.1,18.25,PALIZADACA,CAMP,"Palizada, Camp. SMN*",41.3
-89.85,19.75,HPOCA,CAMP,"Hopelchen, Camp.",42.1
-90.72,19.36,CHAMPOTONmar,CAMP,"Champotón, Camp. SEMAR*",37.4
-90.59,19.81,LERMAmar,CAMP,"Lerma, Camp. SEMAR*",38.9
-90.5,19.83,CAMPECHEob,CAMP,"Observatorio de Campeche, Camp. SMN*",41.7
-99.2,19.3,DATDF,CDMX,"Desviación Alta, Cd. de Méx.",26.2
-99.08,19.47,SJADF,CDMX,"San Juan de Aragón, Cd. de Méx.",32.0
-99.14,19.52,CEADF,CDMX,"Campamento Amealco, Cd. de Méx.",34.4
-99.2,19.27,ECOGUARDAS,CDMX,"Ecoguardas Ajusco, Cd. de Méx. SMN*",31.8
-99.1,19.39,TEZDF,CDMX,"Tezontle, Cd. de Méx. SMN*",31.2
-99.2,19.41,CTMDF,CDMX,"Observatorio de Tacubaya, Cd. de Méx.",32.7
-99.09,19.48,GCNDF,CDMX,"km 6+250, Cd. de Méx.",36.1
-99.07,19.44,MMMX,CDMX,"Aeropuerto Internacional de la Ciudad de México, Cd. de Méx.*",31.1
-99.22,19.44,IBMSE,CDMX,"Legaria, Cd. de Méx. SGIRPC*",31.6
-99.26,19.36,SFESE,CDMX,"Santa Fe, Cd. de Méx. SGIRPC*",27.4
-99.16,19.35,ENP6,CDMX,"Escuela Nacional Preparatoria 6, Cd. de Méx. UNAM*",31.8
-99.1,19.39,ENP2,CDMX,"Escuela Nacional Preparatoria 2, Cd. de Méx. UNAM*",31.6
-99.2,19.31,CCHS,CDMX,"Colegio de Ciencias y Humanidades Sur, Cd. de Méx. UNAM*",30.9
-99.2,19.4,ENP4,CDMX,"Escuela Nacional Preparatoria 4, Cd. de Méx. UNAM*",31.5
-99.2,19.5,CCHA,CDMX,"Colegio de Ciencias y Humanidades Azcapotzalco, Cd. de Méx. UNAM*",31.1
-99.06,19.38,CCHO,CDMX,"Colegio de Ciencias y Humanidades Oriente, Cd. de Méx. UNAM*",31.7
-99.19,19.42,MDELREY,CDMX,"Molino del Rey, Cd. de Méx SMN*",31.4
-99.12,19.27,ENP1,CDMX,"Escuela Nacional Preparatoria 1, Cd. de Méx. UNAM*",32.0
-99.16,19.15,AJUSE,CDMX,"Ajusco, Cd. de Méx. SGIRPC*",27.5
-99.19,19.37,ENP8,CDMX,"Escuela Nacional Preparatoria 8, Cd. de Méx. UNAM*",30.4
-99.09,19.48,ENP3,CDMX,"Escuela Nacional Preparatoria 3, Cd. de Méx. UNAM*",32.6
-99.01,19.25,TULYEHUALC,CDMX,"Tulyehualco, Cd. de Méx. UNAM*",30.9
-99.18,19.33,CCA,CDMX,"Centro de Ciencias de la Atmósfera, Cd. de Méx UNAM*",31.2
-99.13,19.42,ENP7,CDMX,"Escuela Nacional Preparatoria 7, Cd. de Méx. UNAM*",32.5
-99.12,19.48,ENP9,CDMX,"Escuela Nacional Preparatoria 9, Cd. de Méx. UNAM*",31.9
-99.15,19.2,TOPSE,CDMX,"Topilejo, Cd. de Méx. SGIRPC*",26.8
-99.26,19.36,SANSE,CDMX,"Santa Ana, Cd. de Méx. SGIRPC*",29.1
-99.2,19.4,TACUBAYAob,CDMX,"Observatorio de Tacubaya, Cd. de Méx. SMN*",31.6
-107.88,26.87,IGNCH,CHIH,"San Ignacio, Chih.",38.3
-107.92,27.22,URICH,CHIH,"Urique, Chih. SMN*",38.0
-107.91,27.22,URECH,CHIH,"Urique, Chih.",43.6
-105.41,27.54,LBQCH,CHIH,"La Boquilla, Chih.",37.5
-105.45,28.21,CDLCH,CHIH,"Ciudad Delicias, Chih.",36.2
-107.48,28.48,AGZCH,CHIH,"Abraham González, Chih.",30.5
-106.09,28.66,QIJCH,CHIH,"Observatorio de Chihuahua, Chih.",36.6
-108.3,29.2,GPCCH,CHIH,"Guapoca, Chih.",32.4
-107.38,29.56,TNTCH,CHIH,"El Tintero, Chih.",33.5
-104.41,29.56,OJNCH,CHIH,"Ojinaga, Chih.",40.2
-107.03,29.88,LJSCH,CHIH,"Las Lajas, Chih.",32.7
-106.4,31.74,CJZCH,CHIH,"Ciudad Juárez, Chih.",32.7
-105.38,27.41,CL2CH,CHIH,"Colina hidrométrica, Chih.",36.5
-106.77,26.23,CHNCH,CHIH,"Chinatú, Chih. SMN*",28.7
-107.07,26.82,GCCCH,CHIH,"Guachochi, Chih. SMN*",25.1
-104.91,27.11,JIMENEZCHIH,CHIH,"Jiménez, Chih. SMN*",35.7
-108.54,27.39,CHICH,CHIH,"Chínipas, Chih. SMN*",38.4
-107.63,27.75,CRLCH,CHIH,"Creel, Chih.",27.4
-107.99,27.86,MAGCH,CHIH,"Maguarichi, Chih. SMN*",30.3
-106.84,28.4,CDCUAUHTEMOC,CHIH,"Ciudad Cuauhtémoc, Chih. SMN*",29.6
-106.49,28.8,MAJALCA,CHIH,"Cumbres de Majalca, Chih. SMN*",30.7
-108.43,30.84,JANOS,CHIH,"Janos, Chih. SMN*",30.5
-105.68,26.92,PRRCH,CHIH,"Observatorio de Parral, Chih.",36.8
-107.85,28.95,TMCCH,CHIH,"Observatorio de Temósachic, Chih.",30.7
-107.93,30.38,CAGCH,CHIH,"Observatorio de Nuevo Casas Grandes, Chih.",33.3
-105.97,28.7,MMCU,CHIH,"Aeropuerto Internacional de Chihuahua, Chih.*",34.5
-106.44,31.64,MMCS,CHIH,"Aeropuerto Internacional de Ciudad Juárez, Chih.*",31.7
-106.39,26.47,ELVERGELSMN,CHIH,"El Vergel, Chih. SMN*",24.1
-108.54,27.42,CNDCH,CHIH,"Chínipas, Chih.",41.5
-106.5,30.62,VILLAAHUMADA,CHIH,"Villa Ahumada, Chih. SMN*",33.6
-104.47,29.53,OJINAGASMN,CHIH,"Ojinaga, Chih. SMN*",37.2
-106.45,31.76,CILANORTE,CHIH,"CILA Norte, Chih. SGT*",27.9
-105.63,28.17,FIMCH,CHIH,"Las Vírgenes, Chih.",35.6
-105.28,28.98,LLNCH,CHIH,"El Granero, Chih.",42.8
-106.35,26.95,BALLEZAJ,CHIH,"Balleza, Chih. JCAS*",34.6
-104.9,27.12,JIMENEZJ,CHIH,"Jiménez, Chih. JCAS*",35.6
-108.28,27.28,TEMORISJ,CHIH,"Témoris, Chih. JCAS*",30.7
-105.17,27.7,CAMARGOJ,CHIH,"Camargo, Chih. JCAS*",36.2
-106.11,27.96,SATEVOJ,CHIH,"Satevó, Chih. JCAS*",35.8
-107.6,27.97,SANJUANITOJ,CHIH,"San Juanito, Chih. JCAS*",24.9
-106.4,28.34,SANTAISABELJ,CHIH,"Santa Isabel, Chih. JCAS*",34.4
-106.08,28.64,CHIHJCAS,CHIH,"Chihuahua JCAS, Chih. JCAS*",36.5
-106.08,28.68,CHIHPCIVIL,CHIH,"Chihuahua PCivil, Chih. JCAS*",34.9
-105.91,28.84,ALDAMAJ,CHIH,"Aldama, Chih. JCAS*",35.2
-107.83,28.95,TEMOSACHIJ,CHIH,"Temósachi, Chih. JCAS*",29.2
-103.91,29.11,MBENAVIDESJ,CHIH,"Manuel Benavides, Chih. JCAS*",36.1
-107.39,29.18,ELTERREROJ,CHIH,"El Terrero, Chih. JCAS*",30.3
-105.09,29.46,COYAMEJ,CHIH,"Coyame, Chih. JCAS*",35.6
-106.51,30.62,AHUMADAJ,CHIH,"Ahumada, Chih. JCAS*",33.4
-108,31.09,ASCENCIONJ,CHIH,"Ascensión, Chih. JCAS*",31.8
-106.75,31.72,CONEJOSJ,CHIH,"Juárez Conejos Médanos, Chih. JCAS*",31.9
-106.53,31.73,DONBOSCOJ,CHIH,"Don Bosco, Chih. JCAS*",31.7
-106.43,31.74,IIT01J,CHIH,"Instituto de Ingeniería y Tecnología 01, Chih. JCAS*",33.5
-107.63,31.77,PALOMASJ,CHIH,"Palomas, Chih. JCAS*",32.7
-105.16,26.74,CORONADOJ,CHIH,"Coronado, Chih. JCAS*",35.7
-106.96,29.95,RFMAGONJ,CHIH,"Ricardo Flores Magón, Chih. JCAS*",32.0
-107.92,30.41,NCGJ,CHIH,"Nuevo Casas Grandes, Chih. JCAS*",31.8
-106.03,28.67,CHIHUAHUAob,CHIH,"Observatorio de Chihuahua, Chih. SMN*",36.2
-107.93,30.42,NCGRANDESob,CHIH,"Observatorio de Nuevo Casas Grandes, Chih. SMN*",32.4
-92.4,15,HUECP,CHIS,"Huehuetán, Chis.",36.1
-92.47,15.13,HUICP,CHIS,"Huixtla, Chis.",36.7
-92.58,15.2,DESCP,CHIS,"Despoblado, Chis.",37.1
-92.67,15.32,ESCCP,CHIS,"Escuintla, Chis.",37.1
-92.88,15.45,MAPCP,CHIS,"Mapastepec, Chis.",36.3
-92.95,15.5,ELNCP,CHIS,"El Novillero, Chis.",36.6
-92.28,15.75,CHMCP,CHIS,"Chicomuselo, Chis.",37.4
-93.06,16.45,SDOCP,CHIS,"Santo Domingo, Chis.",40.1
-91.97,15.85,PCOCP,CHIS,"Puente Concordia, Chis.",37.4
-92.72,15.87,JAPCP,CHIS,"Jaltenango, Chis.",38.7
-93.53,15.88,TPICP,CHIS,"Tres Picos, Chis.",35.9
-92.67,15.92,REFCP,CHIS,"Reforma, Chis.",36.6
-93.08,16.16,REVCP,CHIS,"Revolución Mexicana, Chis.",39.0
-92.1,16.2,COOCP,CHIS,"Observatorio de Comitán, Chis.",32.3
-92.48,16.31,CASCP,CHIS,"Cascajal, Chis.",39.1
-92.78,16.4,ANGCP,CHIS,"Doctor Belisario Domínguez, Chis.",38.3
-92.8,16.55,ACACP,CHIS,"Acala, Chis.",40.8
-90.7,16.58,LACCP,CHIS,"Lacantún, Chis.",38.2
-93.15,16.64,BOQCP,CHIS,"Boquerón, Chis.",39.5
-92.63,16.73,SCOCP,CHIS,"Observatorio de San Cristóbal, Chis.",28.9
-93.13,16.75,TXOCP,CHIS,"Observatorio de Tuxtla Gutiérrez, Chis.",39.7
-93.1,16.76,TUXCP,CHIS,"Tuxtla Oriente, Chis.",38.9
-92.82,16.94,SNACP,CHIS,"Santa María, Chis.",39.4
-93.1,16.94,CHICP,CHIS,"Manuel Moreno Torres, Chis.",39.2
-93.12,16.98,GRICP,CHIS,"Grijalva, Chis.",40.6
-93.33,17.12,YAMCP,CHIS,"Yamonhó, Chis.",39.9
-93.6,17.18,MALCP,CHIS,"Nezahualcóyotl, Chis.",41.6
-93.38,17.42,SAYCP,CHIS,"Sayula, Chis.",40.7
-93.46,17.45,PENCP,CHIS,"Angel Albino Corzo, Chis.",40.7
-92.35,17.57,SAACP,CHIS,"Salto de Agua, Chis.",39.1
-92.62,16.74,SCRCP,CHIS,"Puente Morelos, Chis.",27.6
-92.33,15.17,FHACP,CHIS,"Finca Hamburgo, Chis.",26.0
-92.81,15.66,ELTRIUNFO,CHIS,"El Triunfo, Chis. SMN*",24.7
-93.08,17.56,SJOCP,CHIS,"San Joaquín, Chis.",41.2
-93.02,16.56,MMTG,CHIS,"Aeropuerto Internacional de Tuxtla Gutiérrez, Chis.*",38.4
-92.76,15.07,LAENCRUCIJADA,CHIS,"La Encrucijada, Chis. SGT*",34.3
-93.56,16.7,LFLCP,CHIS,"Las Flores, Chis.",37.9
-92.9,16,JSBCP,CHIS,"Juan Sabines, Chis.",38.3
-92.37,14.79,MMTP,CHIS,"Aeropuerto Internacional de Tapachula, Chis.*",35.2
-92.72,15.35,CACCP,CHIS,"Cacaluta, Chis.",36.3
-92.15,15.09,VTACANA,CHIS,"Volcán Tacaná, Chis. SMN*",25.5
-91.99,17.53,PLQCP,CHIS,"Palenque, Chis. SMN*",40.3
-92.26,14.91,TAPCP,CHIS,"Tapachula, Chis.",36.8
-93.08,16.17,CREDREVOLUCIONM,CHIS,"Cred Revolución Mexicana, Chis. PC*",37.6
-92.91,17.18,UNIVERSIDADLIND,CHIS,"Universidad Lindavista, Chis. SMN*",31.2
-93.9,16.24,AROCP,CHIS,"Observatorio de Arriaga, Chis.",37.8
-91.52,16.81,MAZULES,CHIS,"Montes Azules, Chis. SMN*",34.8
-92.02,17.53,MMPQ,CHIS,"Aeropuerto Internacional de Palenque, Chis",39.0
-92.3,15.13,FARCP,CHIS,"Finca Argovia, Chis.",30.6
-93.86,16.06,PAREDONMAR,CHIS,"Paredón, Chis. SEMAR*",35.2
-93.91,16.24,CREDARRIAGA,CHIS,"Cred Arriaga, Chis. PC*",36.6
-92.14,16.22,CREDCOMITAN,CHIS,"Cred Comitan, Chis. PC*",31.3
-93.74,16.67,CREDCINTALAPA,CHIS,"Cred Cintalapa, Chis. PC*",36.7
-90.43,16.42,ELCEDROC,CHIS,"El Cedro, Chis. CILA*",39.5
-90.66,16.61,ELTIGREC,CHIS,"El Tigre, Chis. CILA*",39.6
-93.22,15.69,PIJCP,CHIS,"Pijijiapan, Chis.",37.2
-92.24,14.99,TAMCP,CHIS,"Malpaso II, Chis.",35.1
-103.7,27.29,SMJCL,COAH,"Sierra Mojada, Coah.",34.2
-101.02,25.38,STOCL,COAH,"Saltillo, Coah.",33.6
-103.45,25.54,TORCL,COAH,"Observatorio de Torreón, Coah.",41.3
-103.47,25.54,CYTCL,COAH,"Coyote, Coah.",39.7
-100.93,25.56,ARACL,COAH,"Ramos Arizpe Aeropuerto, Coah.",33.5
-102.98,25.76,SPECL,COAH,"San Pedro, Coah.",42.2
-100.62,27.52,VCRCL,COAH,"Venustiano Carranza, Coah.",37.5
-101.12,27.85,SBNCL,COAH,"Sabinas, Coah.",36.9
-100.95,29.33,CDACL,COAH,"Ciudad Acuña, Coah.",36.4
-101.06,29.45,AMSCL,COAH,"Internacional La Amistad, Coah.",36.7
-103.28,25.07,LFLDR,COAH,"La Flor, Coah.",38.9
-101.02,25.38,SALCL,COAH,"Observatorio de Saltillo, Coah.",35.0
-100.95,27.52,VCARRANZA,COAH,"Venustiano Carranza, Coah. SMN*",37.7
-101.33,27.92,NUEVAROSITA,COAH,"Nueva Rosita, Coah. SMN*",37.8
-100.92,25.44,ESLCL,COAH,"Secretaría de Agricultura Saltillo, Coah.",33.8
-101.42,26.91,MCVCL,COAH,"Observatorio de Monclova, Coah.",41.0
-100.53,28.71,PNGCL,COAH,"Observatorio de Piedras Negras, Coah.",37.0
-101.12,29.15,CBRCL,COAH,"Cabeceras, Coah.",37.5
-100.93,25.55,MMIO,COAH,"Aeropuerto Internacional de Saltillo, Coah.*",34.2
-103.4,25.56,MMTC,COAH,"Aeropuerto Internacional de Torreón, Coah.*",37.6
-101.46,26.95,MMMV,COAH,"Aeropuerto Internacional Venustiano Carranza, Coah.*",37.4
-100.54,28.63,MMPG,COAH,"Aeropuerto Internacional de Piedras Negras, Coah.*",36.5
-100.66,26.84,CDLCL,COAH,"Candela, Coah.",39.8
-102.06,26.98,CCGCL,COAH,"Cuatro Ciénegas, Coah.",37.2
-101.21,28.4,SANTACECILIA,COAH,"Santa Cecilia, Coah. SMN*",34.8
-100.84,28.34,ADLCL,COAH,"Allende, Coah.",36.5
-100.57,28.68,PNEGRASob,COAH,"Observatorio de Piedras Negras, Coah. SMN*",37.6
-100.95,29.33,LASVACASC,COAH,"Las Vacas. Ciudad Acuña, Coah. CILA*",32.6
-101.02,25.38,SALTILLOob,COAH,"Observatorio de Saltillo, Coah. SMN*",34.8
-103.27,25.77,MADCL,COAH,"Madero, Coah.",39.1
-101.06,29.45,PLAAMISTAD,COAH,"Presa La Amistad, Coah. SGT*",32.4
-101.71,28.01,MORELOSMUZQUIZ,COAH,"Morelos Múzquiz, Coah. SMN*",37.9
-103.87,19.17,LAECM,COL,"La Esperanza, Col.",36.3
-103.73,18.76,CDOCM,COL,"Cerro de Ortega, Col.",35.4
-103.77,18.81,LDACM,COL,"Laguna de Amela, Col.",35.1
-103.87,18.91,TCMCM,COL,"Tecomán, Col.",35.2
-103.8,19.21,CQMCM,COL,"Coquimatlán, Col.",35.1
-103.73,19.22,LPSCM,COL,"La Posta, Col.",37.5
-104.1,18.94,RDRCM,COL,"Radar, Col.",32.0
-103.81,19.33,PNTCM,COL,"P. deriv. Peñitas, Col.",39.3
-103.6,19.32,CUACM,COL,"Cuauhtémoc, Col.",34.0
-104.32,19.04,MNZCM,COL,"Observatorio de Manzanillo, Col.",29.7
-103.88,19.11,DJLCM,COL,"P. deriv. Gregorio T. Q. Jala, Col.",34.8
-103.61,19.25,BVSCM,COL,"Buenavista, Col.",35.5
-104.56,19.15,MMZO,COL,"Aeropuerto Internacional de Manzanillo-Costalegre, Col.*",27.8
-103.58,19.28,MMIA,COL,"Aeropuerto Nacional de Colima, Col.*",32.4
-110.95,18.73,ISOCORROMAR,COL,"Isla Socorro, Col. SEMAR*",29.2
-104.06,19.39,MINATITLAN,COL,"Minatitlán, Col. SMN*",34.4
-104.3,19.07,MANZANILLOMAR,COL,"Manzanillo, Col. SEMAR*",30.2
-114.73,18.35,ICLARIONMAR,COL,"Isla Clarión, Col. SEMAR*",26.1
-102.78,24.63,SJGDR,DGO,"San Juan de Guadalupe, Dgo.",36.8
-104.29,25.56,SPGDR,DGO,"San Pedro del Gallo, Dgo.",36.4
-104.75,23.96,GVCDR,DGO,"Presidente Guadalupe Victoria, Dgo.",33.9
-104.67,24.03,DRGDR,DGO,"Durango, Dgo.",37.0
-104.12,24.44,CGVDR,DGO,"Ciudad Guadalupe Victoria, Dgo.",32.6
-104.75,24.5,CNTDR,DGO,"Canatlán, Dgo.",34.2
-104.81,24.54,CBRDR,DGO,"Caboraca, Dgo.",32.7
-103.7,24.87,CNCDR,DGO,"Cuencamé, Dgo.",38.6
-105.42,25.04,SPPDR,DGO,"Santiago Papasquiaro, Dgo.",34.1
-105.44,25.22,SACDR,DGO,"Salomé Acosta, Dgo.",34.9
-103.77,25.27,FZRDR,DGO,"Francisco Zarco, Dgo.",39.8
-103.52,25.53,CLRDR,DGO,"Ciudad Lerdo, Dgo.",37.1
-105.02,25.59,LCRDR,DGO,"Lázaro Cárdenas, Dgo.",35.3
-103.85,25.82,MPMDR,DGO,"Mapimí, Dgo.",37.9
-104.93,26.24,VHGDR,DGO,"Villa Hidalgo, Dgo.",33.1
-105.51,26.45,VOCDR,DGO,"Villa Ocampo, Dgo.",35.2
-105.5,26.44,VILLAOCAMPO,DGO,"Villa Ocampo, Dgo. SMN*",34.1
-104.66,24.2,PAGDR,DGO,"Peña del Aguila, Dgo.",31.5
-104.28,25.08,SLCDR,DGO,"San Luis del Cordero, Dgo.",37.6
-103.98,23.74,VGCDR,DGO,"Vicente Guerrero, Dgo.",34.2
-104.92,24.8,GUADR,DGO,"Guatimapé, Dgo.",35.7
-105.57,26.08,SRDDR,DGO,"Sardinas, Dgo.",31.8
-104.25,23.39,MICHILIA,DGO,"La Michilia, Dgo. SMN*",29.5
-105.47,24.19,LVEDR,DGO,"Las Vegas, Dgo. SMN*",27.5
-103.98,26.55,LAFLOR,DGO,"La Flor de Jimulco, Dgo. SMN*",37.7
-103.75,26.69,MAPIMI,DGO,"Mapimí, Dgo. SMN*",38.0
-105.04,23.83,NAVDR,DGO,"Navíos Viejos, Dgo.",28.4
-106.98,24.93,TMZDR,DGO,"Tamazula, Dgo.",38.8
-105.72,25.34,TLHDR,DGO,"Observatorio de Tepehuanes, Dgo.",33.8
-105.96,25.93,GNCDR,DGO,"Guanaceví, Dgo.",30.0
-104.53,24.13,MMDO,DGO,"Aeropuerto Internacional de Durango, Dgo.*",33.4
-104.07,25.26,AM2DR,DGO,"Agustín Melgar, Dgo. SMN*",38.6
-104.75,23.52,LBYDR,DGO,"Las Bayas, Dgo.",33.0
-102.78,24.64,SJGUADALUPE,DGO,"San Juan de Guadalupe, Dgo. SMN*",37.5
-104.6,24.1,OBSDR,DGO,"Observatorio de Durango, Dgo.",36.5
-104.6,24.09,DURANGOob,DGO,"Observatorio de Durango, Dgo. SMN*",36.1
-104.68,23.87,SBYDR,DGO,"Santiago Bayacora, Dgo.",33.5
-104.05,23.62,SELDR,DGO,"Santa Elena, Dgo.",32.5
-103.96,24,FVLDR,DGO,"Francisco Villa, Dgo.",34.8
-100.52,18.08,AFIGR,GRO,"Andrés Figueroa, Gro.",43.9
-99.61,18.55,TAXGR,GRO,"Taxco, Gro.",34.1
-98.41,16.47,CNLGR,GRO,"Cuajinicuilapa, Gro.",34.4
-98.43,16.68,OMEGR,GRO,"Ometepec, Gro.",35.3
-99.8,16.8,ODAGR,GRO,"Observatorio de Acapulco, Gro.",34.6
-99.91,16.85,ACAGR,GRO,"Acapulco, Gro.",31.8
-100.47,17.14,SJEGR,GRO,"San Jerónimo, Gro.",34.6
-99.53,17.17,TCOGR,GRO,"Tierra Colorada, Gro.",34.1
-100.43,17.21,ATYGR,GRO,"Atoyac, Gro.",36.6
-101.05,17.38,CYQGR,GRO,"Coyuquilla, Gro.",33.6
-99.45,17.48,PETGR,GRO,"Petaquillas, Gro.",33.5
-98.6,17.5,TLPGR,GRO,"Tlapa, Gro.",39.8
-99.5,17.55,CHIGR,GRO,"Chilpancingo, Gro.",33.4
-99.4,17.57,TXTGR,GRO,"Tixtla, Gro.",36.5
-99.5,17.6,ODZGR,GRO,"Observatorio de Zumpango, Gro.",36.7
-99.18,17.61,CHLGR,GRO,"Chilapa, Gro.",35.7
-99.98,17.79,TLAGR,GRO,"Tlacotepec, Gro.",27.5
-101.55,17.65,ZHTGR,GRO,"Zihuatanejo, Gro.",37.1
-99.55,18.35,IGLGR,GRO,"Iguala, Gro.",41.0
-100.66,18.36,CALGR,GRO,"Ciudad Altamirano, Gro.",42.5
-101,18.42,LCLGR,GRO,"La Calera, Gro.",39.0
-99.4,18.46,BVSGR,GRO,"Buena Vista, Gro.",35.7
-99.47,18.3,VTRGR,GRO,"Valerio Trujano, Gro.",37.7
-98.74,17.78,OLNGR,GRO,"Olinalá, Gro.",40.8
-99.52,17.58,AERGR,GRO,"Observatorio de Chilpancingo Aeropuerto, Gro.",35.5
-98.49,17.9,XXHGR,GRO,"Xochihuehuetlán, Gro.",41.9
-99.76,16.76,MMAA,GRO,"Aeropuerto Internacional de Acapulco, Gro.*",31.2
-101.46,17.61,MMZH,GRO,"Aeropuerto Internacional de Ixtapa-Zihuatanejo, Gro.*",32.0
-101.55,17.64,ZIHUATANEJO,GRO,"Zihuatanejo, Gro. SMN*",36.0
-99.52,18.36,IGUALA,GRO,"Iguala, Gro. SMN*",43.3
-99.7,17.67,CCHGR,GRO,"Chichihualco, Gro.",33.1
-98.56,17.55,TLAPA,GRO,"Tlapa, Gro. SMN*",41.2
-100.66,18.35,CA2GR,GRO,"Ciudad Altamirano, Gro. SMN*",44.9
-98.5,16.66,QTZGR,GRO,"Quetzala, Gro.",36.5
-99.48,16.8,SNMGR,GRO,"San Marcos, Gro.",39.4
-100.02,16.96,LDCGR,GRO,"Laguna de Coyuca, Gro.",31.1
-99.37,17.47,MCHGR,GRO,"Mochitlán, Gro.",35.2
-99.93,17.6,YXTGR,GRO,"Yextla, Gro.",34.2
-98.51,17.62,IXTGR,GRO,"Ixcateopan de Tlapa, Gro.",43.5
-99.66,18.25,COCGR,GRO,"Cocula, Gro.",38.6
-99.5,17.55,CHILPANCINGOob,GRO,"Observatorio de Chilpancingo, Gro. SMN*",35.2
-99.52,17.23,EOCGR,GRO,"El Ocotito, Gro.",32.1
-101.06,17.27,PTOVICENTEMAR,GRO,"Puerto Vicente, Gro. SEMAR*",33.2
-98.97,16.61,COPGR,GRO,"Copala, Gro.",32.6
-101.47,21.07,COMGJ,GTO,"Comanjilla, Gto.",35.7
-101.22,21.48,SFEGJ,GTO,"San Felipe, Gto.",32.1
-100.36,20.2,CORGJ,GTO,"Coroneo, Gto.",31.5
-101.11,21.32,LQMGJ,GTO,"La Quemada, Gto.",34.1
-100.71,20.03,ACNGJ,GTO,"Acámbaro, Gto.",36.9
-100.67,20.06,SLSGJ,GTO,"Solís, Gto.",35.0
-100.9,20.28,ECBGJ,GTO,"El Cubo, Gto.",35.8
-100.89,20.22,SLVGJ,GTO,"Salvatierra, Gto.",36.5
-101.07,20.29,LDYGJ,GTO,"Laguna de Yuriria, Gto.",37.0
-101.07,20.3,SRTGJ,GTO,"Santa Rita, Gto.",36.8
-101.18,20.38,VDSGJ,GTO,"Valle de Santiago, Gto.",36.7
-101.54,20.45,ABSGJ,GTO,"Abasolo, Gto.",36.6
-101.74,20.44,GLNGJ,GTO,"La Golondrina, Gto.",34.2
-100.62,20.45,APSGJ,GTO,"Apaseo el Alto, Gto.",35.4
-101.63,20.5,ATBGJ,GTO,"Agua Tibia, Gto.",38.0
-101.11,20.52,PERGJ,GTO,"Pericos, Gto.",36.2
-100.82,20.54,CLYGJ,GTO,"Celaya, Gto.",33.0
-100.68,20.53,AEGGJ,GTO,"Apaseo el Grande, Gto.",35.1
-100.58,20.55,AMCGJ,GTO,"Ameche, Gto.",34.8
-101.2,20.57,SLMGJ,GTO,"Salamanca, Gto.",35.4
-101.3,20.6,TEMGJ,GTO,"Temascatío, Gto.",29.7
-101.67,20.62,CRMGJ,GTO,"Cuerámaro, Gto.",37.6
-101.84,20.68,LADGJ,GTO,"Las Adjuntas, Gto.",36.3
-101.35,20.68,IRPGJ,GTO,"Irapuato, Gto.",38.0
-101.37,20.72,ECNGJ,GTO,"El Conejo, Gto.",35.6
-100.83,20.85,IALGJ,GTO,"Ignacio Allende, Gto.",35.4
-101.29,20.87,PRSGJ,GTO,"La Purísima, Gto.",36.6
-100.9,20.95,CSRGJ,GTO,"Cinco Señores, Gto.",35.3
-101.84,21.05,BRRGJ,GTO,"El Barrial, Gto.",35.7
-101.84,21.05,EBAGJ,GTO,"El Barrial, Gto.",35.3
-101.69,21.14,LENGJ,GTO,"León, Gto.",36.4
-101.68,21.17,EPLGJ,GTO,"El Palote, Gto.",37.4
-101.67,21.19,CSSGJ,GTO,"Los Castillos, Gto.",37.0
-101.67,21.2,CSTGJ,GTO,"Los Castillos, Gto.",37.3
-100.09,21.3,XICGJ,GTO,"Xichú, Gto.",39.1
-101.48,21.65,OCMGJ,GTO,"Ocampo, Gto.",31.9
-100.88,20.4,LGVGJ,GTO,"Presa la Gavia, Gto.",36.1
-101.24,20.87,ECHGJ,GTO,"El Chapín, Gto.",37.9
-100.88,21.1,PNLGJ,GTO,"Peñuelitas, Gto.",34.3
-99.83,21.32,SGORDAII,GTO,"Sierra Gorda 2, Gto. SMN*",32.2
-101.27,21.01,GTOGJ,GTO,"Observatorio de Guanajuato, Gto.",35.8
-101.02,20.4,SJLGJ,GTO,"Santa Julia, Gto.",34.3
-101.48,20.99,MMLO,GTO,"Aeropuerto Internacional de Guanajuato, Gto.*",33.9
-101.37,20.71,ANSGJ,GTO,"Arandas, Gto.",36.1
-100.67,20.05,SL2GJ,GTO,"Solis, Gto.",35.0
-100.82,20.85,PALGJ,GTO,"Presa Allende, Gto. SMN*",34.9
-101.25,21.02,GUANAJUATOob,GTO,"Observatorio de Guanajuato, Gto. SMN*",36.2
-101.36,20.28,LJIGJ,GTO,"Las Jícamas, Gto.",36.7
-102,20.8,FRIAS,GTO,"Frías, Gto. Protección Civil*",35.8
-101.54,20.45,ABASOLOPC,GTO,"Abasolo, Gto. CEPCGTO*",35.0
-101.85,20.61,LOSURIBE,GTO,"Puente de los Uribe Protección Civil, Gto.",37.1
-100.53,21.3,SANLUISPC,GTO,"San Luis de la Paz, Gto. CEPCGTO*",32.8
-101.48,21.64,OCAMPOPC,GTO,"Ocampo, Gto. CEPCGTO*",29.9
-100.64,20.21,ELMOROPC,GTO,"El Moro Acámbaro, Gto. CEPCGTO*",26.3
-100.61,20.46,APASEOPC,GTO,"Apaseo el Alto, Gto. CEPCGTO*",33.5
-101.5,21.01,SILAOPUERTOPC,GTO,"Silao Puerto Interior, Gto. CEPCGTO*",34.7
-101.17,21.03,VILLALPANDOPC,GTO,"Villalpando, Gto. CEPCGTO*",26.4
-100.15,21.14,TIERRABLANCAPC,GTO,"Tierra Blanca, Gto. CEPCGTO*",35.6
-100.33,21.14,DOCTORMORAPC,GTO,"Doctor Mora, Gto. CEPCGTO*",31.9
-101.43,21.21,SANFELIPEPC,GTO,"San Felipe, Gto. CEPCGTO*",30.7
-99.72,21.27,ATARJEAPC,GTO,"Atarjea, Gto. CEPCGTO*",37.8
-100.06,21.3,XICHUPC,GTO,"Xichú, Gto. CEPCGTO*",39.0
-101.38,20.52,PUEBLONVOPC,GTO,"Pueblo Nuevo, Gto. Protección Civil*",37.8
-99.31,19.96,PRQHD,HGO,"Requena, Hgo.",35.1
-98.75,20.12,PCOHD,HGO,"Observatorio de Pachuca, Hgo.",32.2
-99.36,20.16,ENDHD,HGO,"Endhó, Hgo.",34.9
-99.22,20.24,MXQHD,HGO,"Mixquiahuala, Hgo.",33.0
-98.94,20.27,ACTHD,HGO,"Actopan, Hgo.",35.7
-99.33,20.36,PRGHD,HGO,"Javier Rojo Gómez, Hgo.",34.1
-99.38,20.44,PVAHD,HGO,"Vicente Aguirre, Hgo.",34.2
-99.22,20.48,IXMHD,HGO,"Ixmiquilpan, Hgo.",35.6
-98.76,20.59,LMTHD,HGO,"Metztitlán, Hgo.",40.1
-98.65,20.65,ZXTHD,HGO,"Zacualtipán, Hgo.",34.2
-99.5,20.66,ZMPHD,HGO,"Ing. Fernando Hiriart Balderrama, Hgo.",35.2
-98.35,21.02,ATCHD,HGO,"Atlapexco, Hgo.",41.9
-98.42,21.15,HJTHD,HGO,"Huejutla, Hgo.",40.6
-98.72,20.19,ELCHICO,HGO,"El Chico, Hgo. SMN*",26.0
-98.08,20.46,HHTHD,HGO,"Huehuetla, Hgo.",39.7
-98.37,20.08,TLGHD,HGO,"Observatorio de Tulancingo, Hgo.",33.5
-98.6,21.17,ORZHD,HGO,"San Felipe Orizatlán, Hgo.",38.3
-99.71,20.32,HUICHAPAN,HGO,"Huichapan, Hgo. SMN*",34.5
-98.47,19.73,ITESAAPAN,HGO,"ITESA Apan, Hgo. SMN*",29.6
-99.22,20.87,MARMOLES,HGO,"Los Mármoles, Hgo. SMN*",27.7
-103.42,20.44,TLAJOMULCO,JAL,"Tlajomulco, Jal. SMN*",35.4
-104.57,19.23,CIHJL,JAL,"Cihuatlán, Jal.",35.0
-103.2,20.29,LDCJL,JAL,"Lago de Chapala, Jal.",33.5
-102.71,20.29,JMYJL,JAL,"Jamay, Jal.",35.1
-103.09,20.4,ATQJL,JAL,"Atequiza, Jal.",37.5
-104.05,20.55,RAMJL,JAL,"Río Ameca, Jal.",37.3
-103.32,20.58,TLAJL,JAL,"Tlaquepaque, Jal.",37.5
-103.85,20.6,VEGJL,JAL,"Ing. Santiago Camarena, Jal.",40.6
-103.35,20.68,GUAJL,JAL,"Guadalajara Centro, Jal.",35.5
-101.85,21.35,SAUJL,JAL,"La Sauceda, Jal.",35.5
-101.92,21.36,LDMJL,JAL,"Lagos de Moreno, Jal.",35.4
-102.58,21.45,TCAJL,JAL,"Teocaltiche, Jal.",37.5
-101.74,21.5,CRTJL,JAL,"El Cuarenta, Jal.",35.9
-102.44,21.6,AJJJL,JAL,"Ajojucar, Jal.",38.2
-102.77,19.29,CHLMC,JAL,"Constitución de Apatzingán, Jal.",41.6
-103.78,21.83,BLNJL,JAL,"Bolaños, Jal.",41.8
-103.23,22.33,ACHZC,JAL,"Achimec, Jal.",36.4
-103.72,22.41,BCSJL,JAL,"Bocas, Jal.",39.4
-101.92,21.37,OLMJL,JAL,"Observatorio de Lagos de Moreno, Jal.",36.2
-103.92,19.46,SMANANTLANI,JAL,"Sierra Manatlán 1, Jal. SMN*",28.5
-105.13,20,RIOTOMATLAN,JAL,"Río Tomatlán, Jal. SMN*",34.3
-103.2,20.29,CHAJL,JAL,"Chapala 1, Jal. SMN*",34.1
-103.47,19.7,CGZJL,JAL,"Observatorio de Ciudad Guzmán, Jal.",36.5
-103.32,20.29,PBRJL,JAL,"Piedra Barrenada, Jal.",34.3
-105.22,20.59,CULJL,JAL,"Cuale, Jal.",32.6
-103.39,20.71,GUCJL,JAL,"Observatorio de Guadalajara, Jal.",37.4
-103.65,20.47,HRTJL,JAL,"Hurtado, Jal.",36.2
-105.13,20,CPEJL,JAL,"Cajón de Peña, Jal.",33.6
-102.78,20.34,CUIJL,JAL,"Cuitzeo, Jal.",36.9
-102.98,20.68,EGCJL,JAL,"Ing. Elías González Chávez, Jal.",36.3
-103.31,20.53,MMGL,JAL,"Aeropuerto Internacional de Guadalajara, Jal.*",35.7
-105.25,20.68,MMPR,JAL,"Aeropuerto Internacional de Puerto Vallarta, Jal.*",29.0
-104.37,19.98,TMLJL,JAL,"Ramón Corona Madrigal General, Jal.",35.0
-103.2,22.17,TENJL,JAL,"Tenasco, Jal.",38.0
-103.34,20.72,EXPJL,JAL,"La Experiencia, Jal.",36.9
-104.56,19.63,CHFJL,JAL,"El Chiflón, Jal.",40.3
-104.15,19.55,SMANANTLANII,JAL,"Sierra Manatlán 2, Jal. SMN*",25.8
-103.05,22.05,ZPTJL,JAL,"El Zapote, Jal.",38.0
-103.59,19.59,NEVADOCOLIMA,JAL,"Nevado de Colima, Jal. SMN*",23.5
-103.03,20.17,TZPJL,JAL,"Tizapán, Jal.",35.0
-103.42,20.27,JOCJL,JAL,"Jocotepec, Jal. SMN*",37.0
-103.45,20.75,BAZJL,JAL,"Base Aérea Zapopan, Jal.",35.2
-103.43,19.52,QUTJL,JAL,"Quito, Jal.",33.3
-104.06,19.91,BBAJL,JAL,"Basilio Vadillo, Jal.",42.6
-103.25,22.13,CLTJL,JAL,"Observatorio de Colotlán, Jal.",37.0
-103.39,20.71,COLJL2,JAL,"Los Colomos, Jal. SMN*",30.7
-103.36,20.58,PITJL,JAL,"PIAE Toluquilla, Jal.",36.1
-105.18,19.65,HIGJL,JAL,"Higuera Blanca 2, Jal.",30.9
-104.59,20.25,RODJL,JAL,"El Rodeo, Jal.",36.5
-105.24,20.66,PVALLARTAmar,JAL,"Puerto Vallarta, Jal. SEMAR*",28.4
-99.61,19.43,TROMX,MEX,"Trojes, Méx.",30.2
-98.87,19.19,SLAMX,MEX,"San Luis Ameca, Méx.",29.6
-99.51,19.2,CGCMX,MEX,"Gerencia Conagua CODAGEM, Méx.",30.2
-99.28,19.45,PTLMX,MEX,"Presa Totolica, Méx.",30.2
-99.78,19.46,PIRMX,MEX,"Ignacio Ramírez, Méx.",29.0
-99.7,19.47,SBBMX,MEX,"José Antonio Alzate, Méx.",30.0
-99.22,19.48,MBLMX,MEX,"Molino Blanco, Méx.",33.8
-98.88,19.48,CHPMX,MEX,"Chapingo, Méx.",32.8
-99.22,19.57,ARBMX,MEX,"Las Arboledas, Méx.",32.6
-98.92,19.58,GRDMX,MEX,"La Grande, Méx.",30.6
-99.19,19.62,OBSMX,MEX,"San Martín Obispo, Méx.",29.7
-99.05,19.63,K27MX,MEX,"km 27+250, Méx.",33.7
-99.96,19.66,TPTMX,MEX,"San Andrés Tepetitlán, Méx.",29.3
-99.3,19.7,CNPMX,MEX,"La Concepción, Méx.",31.9
-99.56,19.88,DNXMX,MEX,"Danxho, Méx.",28.9
-99.86,20.04,PNDMX,MEX,"Ñadó, Méx.",28.8
-99.7,20.05,HPNMX,MEX,"Huapango, Méx.",26.5
-99.74,20.12,PMNMX,MEX,"El Molino, Méx.",27.2
-98.91,19.53,SADMX,MEX,"San Andrés, Méx.",31.7
-98.91,19.54,ATEMX,MEX,"Atenco, Méx.",33.5
-99.39,19.83,TXMHD,MEX,"Taxhimay, Méx.",32.7
-99.8,19.63,SMLMX,MEX,"Santa María del Llano, Méx.",28.8
-99.79,19.83,PFBMX,MEX,"Francisco José Trinidad Fabela, Méx.",30.0
-99.8,19.34,TBRMX,MEX,"Tres Barrancas, Méx.",29.4
-99.91,19.86,TJCMX,MEX,"El Tejocote, Méx.",31.2
-99.74,19.59,SLBMX,MEX,"San Bartolo del Llano, Méx.",32.4
-99.68,19.12,NEVMX,MEX,"Nevado de Toluca, Méx. SMN*",14.1
-99.27,19.52,PREMX,MEX,"Presa Madín, Mex. SMN*",31.2
-99.42,18.99,OCUMX,MEX,"Ocuilán de Arteaga, Méx",30.6
-99.63,19.29,COBMX,MEX,"Observatorio de Toluca, Méx.",30.7
-100.08,19.38,VALLEDEBRAVO,MEX,"Valle de Bravo, Méx. SMN*",28.5
-99.28,19.45,TTLMX,MEX,"Totolica hidrométrica, Méx.",31.4
-99.12,19.9,TTQMX,MEX,"Tajo de Tequixquiac, Méx",32.7
-99.76,19.24,SJHMX,MEX,"San Juan de las Huertas, Méx.",27.1
-98.66,19.12,ALTZOMONI,MEX,"Altzomoni, Méx SMN*",16.0
-99.57,19.34,MMTO,MEX,"Aeropuerto Internacional de Toluca, Edo. de Méx.*",28.2
-99.25,19.64,GDLMX,MEX,"Guadalupe, Méx.",23.7
-99.24,19.45,EMOMX,MEX,"El Molinito Río Hondo, Méx.",29.0
-99.52,19.57,CCAMX,MEX,"Cerro Catedral, Méx. SMN*",19.4
-99.87,19.78,ATLMX,MEX,"Atlacomulco, Méx. SMN*",29.1
-100.14,19.31,DONATOGUERRA,MEX,"Donato Guerra, Mex. SMN*",22.7
-98.97,19.48,CEMCASob,MEX,"Observatorio CEMCAS, Méx. SMN*",28.0
-99.24,19.47,CCHN,MEX,"Colegio de Ciencias y Humanidades Naucalpan, Méx. UNAM*",31.9
-98.86,19.64,SNLMX,MEX,"San Lucas, Méx.",31.3
-99.01,19.75,MMSM,MEX,"Aeropuerto Internacional Felipe Ángeles, Méx.",31.0
-99.71,19.29,TOLUCAob,MEX,"Observatorio de Toluca, Méx. SMN*",30.3
-100.44,18.78,BEJMX,MEX,"Bejucos, Mex.",38.1
-99.87,19.78,ATPMX,MEX,"Atlacomulco Prepa., Méx.",29.3
-99.47,18.8,CHDMX,MEX,"Colonia Hidalgo, Méx",34.4
-99.24,19.53,CLYMX,MEX,"Calacoaya, Méx.",33.4
-100.05,19.06,TEMMX,MEX,"Temascaltepec, Méx.",34.2
-101.93,18.92,ZICMC,MICH,"Zicuirán, Mich.",41.6
-102.37,19.08,APTMC,MICH,"Apatzingán, Mich.",40.4
-102.87,19.21,LOLMC,MICH,"Los Olivos, Mich.",41.5
-101.05,19.49,PDBMC,MICH,"Planta de bombeo, Mich.",37.6
-101.45,19.55,VJIMC,MICH,"Villa Jiménez, Mich.",34.2
-100.61,19.58,AGOMC,MICH,"Agostitlán, Mich.",28.8
-101.26,19.63,COIMC,MICH,"Cointzio, Mich.",32.9
-101.2,19.7,MNOMC,MICH,"Morelia Norte, Mich.",37.1
-101.1,19.7,MCEMC,MICH,"Morelia Centro, Mich.",34.2
-100.55,19.7,CHIMC,MICH,"Ciudad Hidalgo, Mich.",31.5
-100.87,19.83,MLPMC,MICH,"Malpaís, Mich.",35.4
-102.65,19.84,SJUMC,MICH,"San Juanico, Mich.",33.7
-100.44,19.89,MRVMC,MICH,"Maravatío, Mich.",35.3
-102.14,19.96,UREMC,MICH,"Urepetiro, Mich.",33.5
-100.23,20,TEPMC,MICH,"Tepuxtepec, Mich.",31.2
-102.72,20.07,SAHMC,MICH,"Sahuayo, Mich.",32.4
-102.4,20.1,SSIMC,MICH,"San Simón, Mich.",35.8
-101.72,20.13,ANGMC,MICH,"Angamacutiro, Mich. SMN*",36.2
-101.72,20.13,MOCMC,MICH,"Melchor Ocampo, Mich.",36.5
-102.75,20.15,LPAMC,MICH,"La Palma, Mich.",35.4
-101.86,20.21,CORMC,MICH,"Corrales, Mich.",36.6
-102.44,20.3,DGNMC,MICH,"De Gonzalo, Mich.",40.5
-102.24,20.34,YURMC,MICH,"Yurécuaro, Mich.",38.7
-102,20.35,LPDMC,MICH,"La Piedad, Mich.",39.6
-102.6,19.96,JARMC,MICH,"Jaripo, Mich.",31.0
-102.54,19.98,GUAMC,MICH,"Guaracha, Mich.",31.8
-102.42,20.18,BIBMC,MICH,"Barraje de Ibarra, Mich.",34.8
-102.46,20.21,SCRMC,MICH,"San Cristóbal, Mich.",33.3
-101.18,19.69,MORMC,MICH,"Observatorio de Morelia, Mich.",36.9
-102.28,20.01,ZAMMC,MICH,"Observatorio de Zamora, Mich.",37.3
-102.04,19.4,MMPN,MICH,"Aeropuerto Internacional de Uruapan, Mich.*",29.5
-101.03,19.85,MMMM,MICH,"Aeropuerto Internacional de Morelia, Mich.*",34.4
-102.37,19.08,APAMC,MICH,"Apatzingán, Mich. SMN*",41.7
-101.8,19.81,ZCAMC,MICH,"Zacapu, Mich.",37.2
-101.99,20.23,ADUMC,MICH,"Adjuntas, Mich.",33.8
-102.08,19.42,URUAPAN,MICH,"Uruapan, Mich. SMN*",31.7
-100.29,19.54,MMONII,MICH,"Mariposa Monarca 2, Mich. SMN*",23.8
-102.18,17.94,LCARDENASMAR,MICH,"Lázaro Cárdenas, Mich. SEMAR*",31.6
-100.68,19.62,PUCMC,MICH,"Pucuato, Mich.",30.8
-101.93,18.92,PZICUIRAN,MICH,"Presa Zicuirán, Mich. SMN*",41.8
-101.66,19.93,AMEMC,MICH,"Aristeo Mercado, Mich.",35.7
-99.1,18.79,TICMR,MOR,"Ticumán, Mor.",40.8
-99.04,18.58,SPHMR,MOR,"San Pablo Hidalgo, Mor.",42.3
-99.31,18.49,TILMR,MOR,"Tilzapotla, Mor.",38.7
-99.19,18.53,XICMR,MOR,"Xicatlacotla, Mor.",43.1
-99.38,18.6,AMCMR,MOR,"Amacuzac, Mor.",41.0
-99.2,18.6,JOJMR,MOR,"Jojutla, Mor.",40.6
-99.42,18.61,HUAMR,MOR,"Huajintlán, Mor.",41.0
-98.8,18.7,JNCMR,MOR,"Jonacatepec, Mor.",36.7
-99.26,18.73,ALUMR,MOR,"Alpuyeca, Mor.",38.4
-99.33,18.77,RODMR,MOR,"El Rodeo, Mor.",37.7
-98.95,18.81,CUAMR,MOR,"Cuautla, Mor.",37.2
-99.2,18.9,CUEMR,MOR,"Cuernavaca, Mor.",35.9
-99.22,18.86,TEMMR,MOR,"Temixco, Mor.",38.7
-99.05,18.9,YAHMR,MOR,"Yautepec, Mor.",36.5
-98.9,18.9,OAXMR,MOR,"Oaxtepec, Mor.",35.2
-99.19,18.92,SLDMR,MOR,"Solidaridad, Mor.",34.2
-99.26,19.03,HUIMR,MOR,"Huitzilac, Mor.",26.6
-99.03,18.92,OACMR,MOR,"Oacalco, Mor.",38.3
-99.16,18.77,PROMR,MOR,"Progreso, Mor.",37.4
-99.46,18.68,APAMR,MOR,"Apacingo, Mor.",39.3
-99.16,18.88,IMTMR,MOR,"Instituto Mexicano de Tecnología del Agua, Mor. SMN*",36.0
-98.96,18.85,CASMR,MOR,"Casasano, Mor.",37.0
-99.2,18.65,ZCTMR,MOR,"Observatorio de Zacatepec, Mor.",40.4
-99.22,18.91,OBSMR,MOR,"Observatorio de Cuernavaca, Mor.",37.6
-99.07,18.97,TPZMR,MOR,"Tepoztlán, Mor.",36.5
-99.24,19.05,TMAMR,MOR,"Tres Marías, Mor.",25.3
-98.83,18.64,TEBMR,MOR,"Tepalcingo Bachillerato, Mor.",38.2
-99.26,18.83,MMCB,MOR,"Aeropuerto Internacional de Cuernavaca, Mor.*",36.0
-99.08,18.95,TEPOZTLAN,MOR,"Tepoztlán, Mor. SMN*",37.5
-99.4,18.7,MIAMR,MOR,"Miacatlán, Mor.",40.9
-99.31,19.05,LZEMPOALA,MOR,"Lagunas de Zempoala, Mor. SMN*",25.9
-99.27,19.05,HUCMR,MOR,"Centro Bachillerato Tecnológico Agropecuario 154 Huitzilac, Mor.",27.5
-99.25,18.68,XXOMR,MOR,"Xoxocotla, Mor.",40.3
-98.91,18.68,LCUMR,MOR,"La Cuera, Mor.",39.5
-99.02,18.44,HUTMR,MOR,"Huautla, Mor.",40.3
-99.18,18.57,HIGMR,MOR,"Higuerón, Mor.",41.4
-98.84,18.6,TPLMR,MOR,"Tepalcingo, Mor.",39.4
-99.25,18.61,TQGMR,MOR,"Tequesquitengo, Mor.",42.9
-99.32,18.63,PIXMR,MOR,"Puente de Ixtla, Mor.",41.5
-99.38,18.7,CUTMR,MOR,"Cuautlita, Mor.",42.0
-99.09,18.71,TMPMR,MOR,"Temilpa, Mor.",43.0
-99,18.73,MYOMR,MOR,"Moyotepec, Mor.",38.6
-98.75,18.81,TLOMR,MOR,"Tlacotepec, Mor.",34.5
-98.95,18.82,CUSMR,MOR,"Cuautla SMN, Mor.",37.1
-99.43,18.87,PAPMR,MOR,"Palpan, Mor.",35.2
-98.71,18.88,TETMR,MOR,"Tetela del Volcán, Mor.",30.5
-98.76,18.88,OCTMR,MOR,"Ocuituco, Mor.",32.8
-98.75,18.88,HUEMR,MOR,"Hueyapan, Mor.",30.4
-98.83,18.95,ACHMR,MOR,"Achichipico, Mor.",33.4
-98.93,18.95,ATLMR,MOR,"Atlatlahucan, Mor.",30.8
-98.79,18.69,ELPMR,MOR,"El Peñón, Mor.",39.1
-99.38,18.73,VIAMR,MOR,"Vista Alegre, Mor.",41.5
-98.78,18.94,HUXMR,MOR,"Huecahuaxco, Mor.",30.8
-99.23,18.93,CUERNAVACAob,MOR,"Observatorio de Cuernavaca, Mor. SMN*",35.7
-98.86,18.89,YEEMR,MOR,"Yecapixtla ETA 118, Mor.",33.8
-105.38,22.47,ACAPONETA,NAY,"Acaponeta, Nay. SMN*",35.4
-105.35,22.49,ACANR,NAY,"Acaponeta, Nay.",37.6
-104.3,21.04,IXTLANRIO,NAY,"Ixtlán del Río, Nay. SMN*",37.6
-104.89,21.49,TEPNR,NAY,"Observatorio de Tepic, Nay.",34.3
-104.84,21.42,MMEP,NAY,"Aeropuerto Internacional de Tepic, Nay.*",33.7
-105.21,22.12,ROMNR,NAY,"Rosamorada, Nay.",37.0
-105.29,21.53,SANBLASMAR,NAY,"San Blas, Nay. SEMAR*",28.8
-106.54,21.63,ISLASMARIASMAR,NAY,"Islas Marías, Nay. SEMAR*",31.0
-105.02,22.38,PAJNR,NAY,"Pajaritos, Nay.",39.8
-99.82,24.1,ARRNL,NL,"Aramberri, N.L.",38.4
-99.91,24.32,ASCNL,NL,"La Ascensión, N.L.",33.4
-99.7,24.78,CRUNL,NL,"Crucitas, N.L.",38.5
-100.08,24.83,GALNL,NL,"Galeana, N.L.",36.4
-99.58,24.87,CAMNL,NL,"Camacho, N.L.",38.8
-99.4,24.94,CPRNL,NL,"José López Portillo, N.L.",38.3
-99.74,24.99,CABNL,NL,"Cabezones, N.L.",37.8
-99.22,24.99,PAMNL,NL,"La Pamona, N.L.",40.7
-100.55,25.03,SRANL,NL,"San Rafael, N.L.",35.9
-99.83,25.17,MTMNL,NL,"Montemorelos, N.L.",37.4
-99.53,25.5,LERNL,NL,"Las Enramadas, N.L.",39.6
-100.27,25.68,MTRNL,NL,"Monterrey, N.L.",38.3
-99.61,26.09,CRVNL,NL,"Cerralvo, N.L.",37.6
-100.12,23.42,MYNNL,NL,"Mier y Noriega, N.L.",38.9
-100.31,25.58,ELDIENTE,NL,"El Diente, N. L. SMN*",37.0
-100.13,25.43,LBCNL,NL,"Rodrigo Gómez, N.L.",38.3
-99.28,25.71,CCHNL,NL,"Cuchillo Solidaridad, N.L.",37.7
-100.3,25.73,OBSNL,NL,"Observatorio de Monterrey, N.L.",38.0
-100.11,25.78,MMMY,NL,"Aeropuerto Internacional de Monterrey, N.L.*",37.1
-100.24,25.86,MMAN,NL,"Aeropuerto Internacional del Norte, N.L.*",37.7
-99.32,25.73,PCUNL,NL,"Presa el Cuchillo, N.L. SMN*",38.4
-100.24,25.86,RADIOSONDEOMTY,NL,"Radiosondeo, Monterrey N.L. SGT*",37.3
-99.75,27.7,COLOMBIA,NL,"Colombia, N.L. SGT*",33.6
-96.72,15.81,COZOX,OAX,"San Francisco Cozoaltepec, Oax.",38.5
-95.48,16.59,RHOOX,OAX,"Río Hondo, Oax.",39.2
-95.6,16.42,TEQOX,OAX,"Tequisistlán, Oax.",39.9
-94.4,16.5,OSTOX,OAX,"Ostuta, Oax.",37.9
-95.1,16.58,IXTOX,OAX,"Ixtepec, Oax.",36.6
-95.93,16.65,BOQOX,OAX,"Boquilla 1, Oax.",42.8
-96.7,17,OAOOX,OAX,"Observatorio de Aeropuerto Oaxaca, Oax.",36.6
-96.73,17.07,OACOX,OAX,"Oaxaca Centro, Oax.",38.3
-95.48,17.45,MAROX,OAX,"María Lombardo, Oax.",38.9
-97.78,17.81,HLOOX,OAX,"Observatorio de Huajuapan de León, Oax.",37.8
-96.2,17.87,JACOX,OAX,"Jacatepec, Oax.",43.4
-96.53,17.88,SFUOX,OAX,"San Felipe Usila, Oax.",38.8
-96.26,18,CDOOX,OAX,"Miguel de la Madrid Hurtado, Oax.",39.9
-96.41,18.23,TEMOX,OAX,"Presidente Alemán, Oax.",38.8
-95.92,17.73,RMLOX,OAX,"Río Manso Lalana, Oax.",42.3
-98.14,17.5,SLAOX,OAX,"Silacayoápam, Oax.",35.4
-97.42,17.55,TEPOX,OAX,"Teposcolula, Oax.",30.5
-97.82,17.75,FOYOX,OAX,"San Francisco Yosocuta, Oax.",38.1
-97.82,17.89,ZAPOX,OAX,"Zapotitlán Palmas, Oax.",35.9
-97.54,17.73,STTOX,OAX,"Santiago Teotongo, Oax.",32.5
-96.55,17.27,SCIOX,OAX,"Ixtepeji, Oax.",35.4
-97.72,17.53,AMTOX,OAX,"San Antonino Monte Verde, Oax.",31.9
-97.68,18.19,SNCOX,OAX,"Santiago Chazumba, Oax.",37.4
-97.81,17.65,TSLOX,OAX,"Heroica Villa Tezoatlán de Segura y Luna, Oax.",38.3
-97.78,17.81,HDLOX,OAX,"Huajuapan de León, Oax.",35.2
-98.28,17.53,CALOX,OAX,"Calihualá, Oax.",37.6
-96.48,15.67,PTAOX,OAX,"Observatorio de Puerto Angel, Oax.",35.0
-97.68,17.27,TLXOX,OAX,"Heroica Ciudad de Tlaxiaco, Oax.",30.7
-97.9,17.91,SCHOX,OAX,"Santiago Chilixtlahuaca, Oax.",36.4
-96.26,15.77,MMBT,OAX,"Aeropuerto Internacional de Bahías de Huatulco, Oax.*",34.1
-96.72,17,MMOX,OAX,"Aeropuerto Internacional de Oaxaca, Oax.*",34.5
-96.54,15.74,TNMOX,OAX,"Tonameca, Oax.",39.3
-97.09,15.87,MMPS,OAX,"Aeropuerto Internacional de Puerto Escondido, Oax.*",32.0
-98.39,17.76,ZALOX,OAX,"Zapotitlán Lagunas, Oax.",36.3
-96.3,17.78,VANOX,OAX,"Valle Nacional, Oax.",44.4
-96.08,18.17,PAPOX,OAX,"Papaloapan, Oax.",41.4
-96.58,16.34,MIAHUATLAN,OAX,"Miahuatlán, Oax. SMN*",33.9
-96.74,17.16,BJUAREZ,OAX,"Benito Juárez, Oax. SMN*",34.7
-95.93,17.15,ZACOX,OAX,"Zacatepec, Oax.",37.3
-97.02,17.46,CMTOX,OAX,"Santiago Camotlán, Oax.",32.7
-96.13,15.75,HUATULCOMAR,OAX,"Huatulco, Oax. SEMAR*",34.6
-95.19,16.17,SALINACRUZmar,OAX,"Salina Cruz, Oax. SEMAR*",34.9
-96.72,17,OAXACAob,OAX,"Observatorio de Oaxaca, Oax. SMN*",37.0
-98.28,17.85,SJCOX,OAX,"San Juan Cieneguillas, Oax.",38.0
-97.65,18.25,SSFOX,OAX,"San Sebastian Frontera, Oax.",34.5
-96.45,17.12,SMAOX,OAX,"San Antonio Cuajimoloyas, Oax.",22.5
-95.2,16.18,SCROX,OAX,"Observatorio de Salina Cruz, Oax.",37.5
-97.82,19.62,IXTPB,PUE,"Ixtacamaxtitlán, Pue.",32.7
-98.57,18.11,CHSPB,PUE,"Chila de la Sal, Pue.",41.2
-98.26,18.2,PIXPB,PUE,"Piaxtla, Pue.",41.0
-98.78,18.45,TELPB,PUE,"Teotlalco, Pue.",40.0
-97.4,18.48,TEHPB,PUE,"Tehuacán, Pue.",38.3
-98.58,18.52,CHIPB,PUE,"Chietla, Pue.",36.6
-98.47,18.61,IZMPB,PUE,"Izúcar de Matamoros, Pue.",37.9
-97.91,18.74,SMCPB,PUE,"San Miguel Canoa, Pue.",27.7
-98.54,18.77,HQCPB,PUE,"Huaquechula, Pue.",36.6
-97.75,18.88,TECPB,PUE,"Tecamachalco, Pue.",31.4
-98.11,18.91,BDDPB,PUE,"Manuel Avila Camacho, Pue.",30.9
-98.42,18.92,ATXPB,PUE,"Atlixco, Pue.",32.4
-98.28,18.97,ECHPB,PUE,"Echeverría, Pue.",30.6
-97.96,18.97,CEMPB,PUE,"Cemex, Pue.",31.7
-97.44,18.99,CDSPB,PUE,"Ciudad Serdán, Pue.",29.8
-98.23,19.01,MAYPB,PUE,"Mayorazgo 21 Poniente, Pue.",34.0
-98.2,19.02,CNAPB,PUE,"Conagua, Pue.",32.4
-98.17,19.05,PUOPB,PUE,"Observatorio de Puebla, Pue.",32.8
-97.93,19.06,ACJPB,PUE,"Acajete, Pue.",31.5
-98.32,19.07,CHLPB,PUE,"Cholula, Pue.",31.4
-98.06,19.09,CPLPB,PUE,"Capulac, Pue.",28.8
-98.46,19.1,HJTPB,PUE,"Huejotzingo, Pue.",31.1
-97.62,19.25,QUIPB,PUE,"Quimixtlán, Pue.",33.8
-97.42,19.45,ACHPB,PUE,"Alchichica, Pue.",30.2
-97.49,19.49,TPYPB,PUE,"Tepeyahualco, Pue.",33.1
-97.53,19.7,OYAPB,PUE,"Oyameles, Pue.",20.2
-98.05,19.74,CNGPB,PUE,"Chignahuapan, Pue.",29.1
-97.81,19.83,TEOPB,PUE,"Tetela de Ocampo, Pue.",32.3
-97.58,19.86,ZCPPB,PUE,"Zacapoaxtla, Pue.",28.3
-98.05,20.18,HUAPB,PUE,"Huauchinango, Pue.",33.5
-97.83,20.18,ZRGPB,PUE,"Zaragoza, Pue.",30.6
-97.84,20.41,APAPB,PUE,"Apapantilla, Pue.",39.2
-98.16,18.61,COAPB,PUE,"Coatzingo, Pue.",38.3
-98.22,19.11,SCRPB,PUE,"San Cristóbal Caleras, Pue.",31.0
-97.85,20.73,MTLPB,PUE,"Metlaltoyuca, Pue.",36.6
-97.92,18.85,AHAPB,PUE,"Ahuatepec, Pue.",34.3
-98.58,19.33,SRTPB,PUE,"Santa Rita Tlahuapan, Pue.",29.7
-97.39,19.89,TEZIUTLAN,PUE,"Teziutlán, Pue. SMN*",31.3
-98.05,20.18,UDSPB,PUE,"Universidad de la Sierra, Pue.",33.6
-98.14,18.94,AFRPB,PUE,"Africam, Pue.",32.7
-98.42,19.28,SMTPB,PUE,"San Martín Texmelucan, Pue.",31.7
-97.21,20.13,SJAPB,PUE,"San José Acateno, Pue.",38.4
-98.06,18.28,ADOPB,PUE,"Acatlán de Osorio, Pue.",39.0
-98.38,19.16,MMPB,PUE,"Aeropuerto Internacional de Puebla, Pue.*",30.0
-97.69,19.46,LIBPB,PUE,"Libres, Pue.",32.4
-97.62,18.31,TEHUACAN,PUE,"Tehuacán, Pue. SMN*",35.8
-97.72,18.87,UTTPB,PUE,"Universidad Tecnológica Tecamachalco, Pue. SMN*",31.8
-97.95,20.24,XICOTEPEC,PUE,"Xicotepec, Pue. SMN*",26.7
-98.57,18.68,IZUPB,PUE,"Izúcar de Matamoros, Pue. SMN*",36.6
-98.17,19.05,PUEBLAob,PUE,"Observatorio de Puebla, Pue. SMN*",32.8
-100.37,20.57,GHQQT,QRO,"Gerencia Hidalgo, Qro.",36.1
-99.96,20.2,IDFQT,QRO,"San Ildefonso, Qro.",32.0
-100,20.36,SJSQT,QRO,"San José, Qro.",36.2
-100.08,20.42,CNSQT,QRO,"Constitución de 1917, Qro.",36.5
-100.41,20.5,BATQT,QRO,"El Batán, Qro.",35.6
-100.45,20.54,EPUQT,QRO,"El Pueblito, Qro.",35.6
-100.37,20.57,OBSQT,QRO,"Observatorio de Querétaro, Qro.",36.0
-100.45,20.7,JRQQT,QRO,"Juriquilla, Qro.",35.1
-99.82,21.06,PMLQT,QRO,"Peñamiller, Qro.",40.8
-99.48,21.23,JLPQT,QRO,"Jalpan, Qro.",43.9
-100.19,20.62,MMQT,QRO,"Aeropuerto Intercontinental de Querétaro, Qro.*",33.5
-100.28,20.39,HUIQT,QRO,"Huimilpan, Qro. SMN*",31.5
-99.17,21.5,SGORDAI,QRO,"Sierra Gorda 1, Qro. SMN*",37.0
-99.47,21.21,PJALPAN,QRO,"Presa Jalpan, Qro. SMN*",41.6
-87.49,21.1,KANTUNILKIN,QROO,"Kantunilkín, Q. Roo. SMN*",35.8
-86.95,20.51,COZQR,QROO,"Cozumel, Q. Roo.",35.0
-86.82,21.16,CANQR,QROO,"Cancún, Q. Roo.",35.8
-88.7,19.75,JMORELOS,QROO,"José María Morelos, Q. Roo. SMN*",39.4
-86.78,21.07,CNCQR,QROO,"Cancún Radar, Q. Roo. SMN*",33.7
-88.33,18.5,CHOQR,QROO,"Observatorio de Chetumal, Q. Roo.",34.5
-88.04,19.58,FCRQR,QROO,"Observatorio de Felipe Carrillo Puerto, Q. Roo.",37.9
-87.08,20.63,PDCQR,QROO,"Playa del Carmen, Q. Roo.",34.8
-86.93,20.51,MMCZ,QROO,"Aeropuerto Internacional de Cozumel, Q. Roo.*",33.4
-86.87,21.04,MMUN,QROO,"Aeropuerto Internacional de Cancún, Q. Roo.*",32.4
-88.33,18.5,CHETUMALob,QROO,"Observatorio de Chetumal, Q. Roo. SMN*",34.5
-87.3,18.76,CHINCHORROMAR,QROO,"Banco Chinchorro, Q. Roo. SEMAR*",33.7
-87.47,20.13,SIAQR,QROO,"Sian Ka'an 2, Q. Roo. SMN*",35.2
-86.96,20.51,COZUMELmar,QROO,"Cozumel, Q. Roo SEMAR*",33.0
-107.06,24.75,VINSI,SIN,"Vinoramas, Sin.",41.5
-107.76,25.12,RAVSI,SIN,"Estación Rancho Viejo, Sin.",37.4
-105.85,23.09,TORSI,SIN,"Las Tortugas, Sin.",37.4
-106.25,23.35,SQRSI,SIN,"Siqueros, Sin.",35.6
-106.47,23.56,QLTSI,SIN,"Quelite, Sin.",35.8
-106.9,23.92,LCRSI,SIN,"La Cruz, Sin.",33.7
-106.6,23.96,IXPSI,SIN,"Ixpalino, Sin.",36.8
-106.81,24.57,JLPSI,SIN,"José López Portillo, Sin.",39.3
-107.44,24.63,OBSSI,SIN,"Observatorio de Culiacán, Sin.",37.8
-107.1,24.45,SLRSI,SIN,"San Lorenzo, Sin.",40.2
-107.4,24.82,CLCSI,SIN,"Culiacán, Sin.",38.2
-107.47,25.03,AWSSI,SIN,"Andrew Weiss, Sin.",41.2
-107.84,25.49,SJNSI,SIN,"San Juan, Sin.",41.3
-107.54,25.33,BDRSI,SIN,"Badiraguato, Sin.",40.3
-108.09,25.47,GMCSI,SIN,"Guamúchil, Sin.",39.1
-108.47,25.72,GSVSI,SIN,"Guasave, Sin.",36.4
-108.36,25.74,ZOPSI,SIN,"El Zopilote, Sin.",39.9
-109,25.8,MCHSI,SIN,"Los Mochis, Sin.",37.6
-109.18,25.92,AHMSI,SIN,"Ahome, Sin.",37.4
-109.33,25.98,HDZSI,SIN,"Higuera de Zaragoza, Sin.",35.1
-108.78,26.07,SFRSI,SIN,"Sufragio, Sin.",39.3
-109.33,26.1,CRRSI,SIN,"El Carrizo, Sin.",37.7
-108.7,26.43,JORSI,SIN,"Josefa Ortiz de Domínguez, Sin.",39.5
-108.62,26.43,EFTSI,SIN,"El Fuerte, Sin.",39.9
-108.58,26.51,PMHSI,SIN,"Miguel Hidalgo, Sin.",39.7
-107.16,24.81,SN2SI,SIN,"Sanalona hidrométrica, Sin.",41.5
-108.32,26.08,GB2SI,SIN,"El Sabinal hidrométrica, Sin.",38.1
-108.35,26.9,LD2SI,SIN,"Huites hidrométrica, Sin.",43.0
-107.19,24.25,OBISPO,SIN,"Obispo, Sin. SMN*",31.8
-106.4,23.23,MZTSI,SIN,"Observatorio de Mazatlán, Sin.",31.2
-106.7,24.12,SLTSI,SIN,"Ing. Aurelio Benassini Vizcaíno, Sin.",33.4
-108.33,26.74,CHXSI,SIN,"Observatorio de Choix, Sin.",41.6
-106.27,23.17,MMMZ,SIN,"Aeropuerto Internacional de Mazatlán, Sin.*",31.3
-109.08,25.69,MMLM,SIN,"Aeropuerto Internacional de Los Mochis, Sin.*",32.1
-108.48,25.81,ENASI,SIN,"Estación Naranjo, Sin.",38.8
-107.47,24.76,MMCL,SIN," Aeropuerto Internacional Federal de Culiacán, Sin.*",35.8
-107.84,25.49,SANJUAN,SIN,"San Juan, Sin. SMN*",39.9
-106.65,24.05,ACTSI,SIN,"Acatitán, Sin.",38.0
-109.07,25.59,TOPOLOBAMPOMAR,SIN,"Topolobampo, Sin. SEMAR*",31.3
-108.7,25.7,ARCSI,SIN,"Adolfo Ruiz Cortines, Sin.",37.9
-107.91,25.86,GD2SI,SIN,"Bacurato hidrométrica de Gustavo Diaz Ordáz, Sin.",37.7
-105.72,22.54,TEACAPANmar,SIN,"Teacapán, Sin. SEMAR*",29.9
-98.86,21.25,TBLSL,SLP,"Tierra Blanca, S.L.P.",41.5
-98.62,21.69,SVTSL,SLP,"San Vicente, S.L.P.",41.4
-98.96,21.75,BLMSL,SLP,"Ballesmi, S.L.P.",41.2
-98.94,21.85,PUJSL,SLP,"El Pujal, S.L.P.",43.5
-99.24,21.91,GANSL,SLP,"Gallinas, S.L.P.",42.7
-99.16,22.12,MICSL,SLP,"Micos, S.L.P.",40.3
-99.32,22.52,NRJSL,SLP,"Naranjos, S.L.P.",40.7
-98.56,21.97,AJTSL,SLP,"Las Adjuntas, S.L.P.",40.8
-99.03,21.98,CDVALLES,SLP,"Ciudad Valles, S.L.P. SMN*",42.6
-100.67,23.65,MA2SL,SLP,"Matehuala, S.L.P. SMN*",37.2
-99.15,21.82,TNCSL,SLP,"Tanchachín, S.L.P.",40.2
-100,21.93,RVDSL,SLP,"Observatorio de Río Verde, S.L.P.",42.1
-101.02,22.15,SLPSL,SLP,"Observatorio de San Luis Potosí, S.L.P.",37.0
-100.93,22.26,MMSP,SLP,"Aeropuerto Internacional de San Luis Potosí, S.L.P.*",34.5
-99.06,22.02,STRSL,SLP,"Santa Rosa, S.L.P.",42.9
-100.94,21.81,GOGORRON,SLP,"Gogorrón, S.L.P. SMN*",37.3
-100.02,21.94,CDFERNANDEZ,SLP,"Ciudad Fernández, S.L.P. SMN*",42.6
-98.82,21.32,MATLAPAob,SLP,"Observatorio de Matlapa, S.L.P. SMN*",41.3
-100.98,22.18,SLPOTOSIob,SLP,"Observatorio de San Luis Potosi, S.L.P. SMN*",37.5
-100,21.92,RIOVERDEob,SLP,"Observatorio de Río Verde, S.L.P. SMN*",41.7
-110.29,30.98,CNNSO,SON,"Cananea, Son.",29.8
-109.44,27.07,NVJSO,SON,"Navojoa, Son.",36.6
-108.88,27.41,SBNSO,SON,"San Bernardo, Son.",39.8
-109.62,27.42,CCRSO,SON,"Cocoraque, Son.",38.3
-109.21,27.66,TSOSO,SON,"Tesocoma, Son.",39.7
-109.89,27.82,AOBSO,SON,"Alvaro Obregón, Son.",38.1
-110.85,27.95,GYMSO,SON,"Guaymas, Son.",32.0
-108.92,28.37,YC2SO,SON,"Yécora, Son. SMN*",29.9
-108.93,28.37,YCRSO,SON,"Yécora, Son.",32.3
-110.31,28.47,PTASO,SON,"Punta de Agua 2, Son.",38.5
-110.92,29.07,HM2SO,SON,"Observatorio de Hermosillo, Son.",38.7
-110.93,29.07,HMNSO,SON,"Hermosillo, Son.",36.4
-109.23,29.2,ECBSO,SON,"El Cubil, Son.",41.0
-110.73,29.21,PMOSO,SON,"Ing. Rodolfo Félix Valdés, Son.",36.0
-110.74,29.47,CJNSO,SON,"El Cajón, Son.",36.4
-110.23,29.82,ACNSO,SON,"Aconchi, Son.",37.2
-111.02,30.05,QRBSO,SON,"Querobabi, Son.",37.0
-109.09,30.07,ARISO,SON,"Aribabi, Son.",30.8
-108.96,30.21,HSHSO,SON,"Huachinera, Son.",33.3
-110.17,30.34,ARZSO,SON,"Arizpe, Son.",30.0
-108.93,30.36,BCRSO,SON,"Bacerac, Son.",31.1
-111.45,30.39,SRSSO,SON,"Santa Rosa 2, Son.",34.9
-109.38,30.44,LCDSO,SON,"Lázaro Cárdenas, Son.",36.1
-112.12,30.7,PTQSO,SON,"Pitiquito, Son.",35.0
-110.89,30.76,IMRSO,SON,"Imuris, Son.",32.7
-111.52,30.87,CHTSO,SON,"Cuauhtémoc, Son.",35.7
-110.95,31.32,NGLSO,SON,"Nogales, Son.",30.5
-112.85,31.87,NYNSO,SON,"Sonoyta, Son.",34.7
-114.97,32.06,ENCINAS,SON,"Encinas Johnson, Son. REMAS*",35.9
-109.14,26.46,TOTOLIBOQUI,SON,"Totoliboqui, Son. REMAS*",35.5
-109.05,26.5,EJIDO21MARZO,SON,"Ejido 21 de Marzo, Son. REMAS*",37.6
-109.68,26.84,NAVOBAXIA,SON,"Navobaxia, Son. REMAS*",34.9
-109.75,26.9,SAHUARALO,SON,"Sahuaral de Otero, Son. REMAS*",34.0
-109.83,27,BLOCK2918,SON,"Block 2918, Son. REMAS*",32.7
-109.5,27.01,SEMAY,SON,"Semay, Son. REMAS*",36.9
-109.42,27.07,CIASO,SON,"Ciano Huatabampo, Son.",36.4
-109.48,27.11,CHIHUAHUITASO,SON,"Chihuahuita, Son. REMAS*",37.8
-109.9,27.14,BLOCK2010,SON,"Block 2010, Son. REMAS*",34.2
-109.8,27.17,BLOCK1922,SON,"Block 1922, Son. REMAS*",37.6
-109.66,27.18,BLOCK1936,SON,"Block 1936, Son. REMAS*",36.6
-109.58,27.21,PUEBLO,SON,"Pueblo Mayo, Son. REMAS*",38.5
-110.04,27.23,BLOCK1703,SON,"Block 1703, Son. REMAS*",36.4
-108.91,27.32,CASA,SON,"Casa Colorada, Son. REMAS*",41.4
-110.02,27.32,BLOCK1101,SON,"Block 1101, Son. REMAS*",36.5
-109.81,27.39,BLOCK720,SON,"Block 720, Son. REMAS*",37.5
-110.34,27.4,BLOCK731,SON,"Block 731, Son. REMAS*",35.7
-110.22,27.46,BLOCK419,SON,"Block 419, Son. REMAS*",35.4
-109.13,27.47,ALGODONES,SON,"Los Algodones, Son. REMAS*",38.9
-109.93,27.62,CORRAL,SON,"Estación Corral,  Son. REMAS*",37.8
-110.29,27.64,VCMSO,SON,"Vícam, Son.",35.3
-109.4,27.85,ROSARIO,SON,"Rosario Tesopaco, Son. REMAS*",38.6
-110.55,28,CAMPO,SON,"Campo Selza, Son. REMAS*",36.3
-110.93,28,BUENOS,SON,"Buenos Aires Gym, Son. REMAS*",35.1
-110.66,28.12,SANTAMARIA,SON,"Santa María, Son. REMAS*",36.4
-110.66,28.3,ORTIZ,SON,"Ortíz, Son. REMAS*",37.7
-110.51,28.37,TREINTA,SON,"Las Treinta, Son. REMAS*",38.7
-109.89,28.42,SUAQUI,SON,"Suaqui Grande, Son. REMAS*",40.1
-111.32,28.68,PEANA,SON,"Peaña, Son. REMAS*",35.3
-111.65,28.69,KINO,SON,"Kino, Son. REMAS*",33.3
-111.47,28.74,FATIMA,SON,"El Milagro de Fátima, Son. REMAS*",35.4
-111.56,28.84,SANTAELENAS,SON,"Santa Elena, Son. REMAS*",35.9
-111.23,28.9,ABEJAS,SON,"Abejas, Son. REMAS*",36.0
-110.18,28.94,MAZATAN,SON,"Mazatán, Son. REMAS*",37.4
-111.13,28.96,BACHATA,SON,"La Bachata, Son. REMAS*",36.7
-109.22,29.05,SAHUARIPA,SON,"Sahuaripa, Son. REMAS*",40.2
-111.56,29.09,GREEN,SON,"Green Stripe, Son. REMAS*",36.9
-109.99,29.12,MATAPE,SON,"Mátape, Son. REMAS*",35.8
-110.93,29.39,TRACALITA,SON,"Tracalita, Son. REMAS*",35.6
-110.31,29.44,URES,SON,"Ures, Son. REMAS*",36.6
-110.93,29.55,SELVA,SON,"Selva, Son. REMAS*",35.9
-108.97,29.69,NACORI,SON,"Nácori Chico, Son. REMAS*",36.2
-112.06,29.78,SANTAADELA,SON,"Santa Adela, Son. REMAS*",34.6
-110.21,29.97,BANAMICHI,SON,"Banámichi, Son. REMAS*",35.4
-109.79,30.19,CUMPAS,SON,"Cumpas, Son. REMAS*",37.5
-108.92,30.39,BACERAC,SON,"Bacerac, Son. REMAS*",33.4
-111.56,30.47,CORRALES,SON,"Los Corrales, Son. REMAS*",36.0
-108.96,30.51,BAVISPE,SON,"Bavispe, Son. REMAS*",34.2
-111.21,30.79,ALMAS,SON,"Las Palmas, Son. REMAS*",34.0
-112.78,30.83,LOLEYTA,SON,"Loleyta, Son. REMAS*",33.6
-112.91,30.85,RIVERA,SON,"La Rivera, Son. REMAS*",32.6
-112.03,31,CUCHUJAQUI,SON,"Cuchujaqui, Son. REMAS*",34.6
-110.6,31.19,SANTACRUZS,SON,"Santa Cruz, Son. REMAS*",30.4
-109.56,31.24,AGUAPRIETA,SON,"km 9 Ejido Agua Prieta, Son. REMAS*",32.7
-110.91,31.3,NOGALES,SON,"Nogales, Son. SMN*",30.2
-113.3,31.68,PINACATE,SON,"El Pinacate, Son. SMN*",34.8
-112.67,31.77,SONOYTAS,SON,"Sonoyta, Son. REMAS*",34.3
-112.85,31.87,SONOYTA,SON,"Sonoyta, Son. SMN*",34.1
-114.92,32.17,COLONIA,SON,"Colonia Medano, Son. REMAS*",35.8
-115.01,32.25,VALENZUELA,SON,"Rancho Valenzuela, Son. REMAS*",36.0
-114.87,32.33,PIVOTE,SON,"Rancho El Pivote, Son. REMAS*",36.5
-114.85,32.44,MONUMENTOS,SON,"Monumentos, Son. REMAS*",36.1
-109.6,26.82,HUATABAMPO,SON,"Huatabampo, Son. REMAS*",34.1
-109.58,27.05,CHUCARIT,SON,"Chucarit, Son. REMAS*",36.5
-110.29,27.4,BLOCK727,SON,"Block 727, Son. INIFAP*",34.9
-109.94,27.5,COBSO,SON,"Ciudad Obregón, Son.",37.3
-110.8,27.95,EPLSO,SON,"Observatorio de Empalme, Son.",34.5
-109.08,29.43,PDNSO,SON,"Paso Nácori, Son.",39.2
-111.73,30.72,ALTSO,SON,"Observatorio de Altar, Son.",36.2
-112.46,30.77,CABORCAEX,SON,"Caborca Exportadora, Son. REMAS*",34.2
-113.55,31.35,PT2SO,SON,"Observatorio de Puerto Peñasco, Son.",30.7
-114.8,32.42,RCOLORADO,SON,"San Luis Río Colorado, Son. SMN*",35.3
-111.83,28.75,BAHIAKINO,SON,"Bahía de Kino, Son. SMN*",29.0
-111.36,28.56,CUICHI,SON,"Cuichi, Son. REMAS*",34.2
-109.5,26.91,TRESCARLOS,SON,"Tres Carlos, Son. INIFAP*",35.8
-109.71,27.21,BLOCK1730,SON,"Block 1730, Son. INIFAP*",37.2
-109.84,27.28,BLOCK1418,SON,"Block 1418, Son. INIFAP*",36.2
-110.1,27.41,BLOCK609,SON,"Block 609, Son. INIFAP*",33.6
-110.12,27.51,BLOCK111,SON,"Block 111, Son. INIFAP*",36.7
-110.01,27.55,PELJAZMIN,SON,"Predio El Jazmín, Son. INIFAP*",36.4
-111.25,28.31,SAHUARALA,SON,"Sahuaral, Son. INIFAP*",34.8
-111.56,28.61,PERICOI,SON,"Perico 1, Son. INIFAP*",34.0
-111.36,28.79,ELBERVANO,SON,"El Bervano, Son. INIFAP*",36.4
-110.96,29.91,QUEROBABI,SON,"Querobabi, Son. REMAS*",35.3
-112.49,30.84,SANLUIS,SON,"San Luis, Son. INIFAP*",34.7
-114.93,32.41,MOCTEZUMA,SON,"Moctezuma, Son. INIFAP*",35.8
-109.01,28.33,YECORAS,SON,"Yécora, Son. REMAS*",25.8
-109.83,27.4,MMCN,SON,"Aeropuerto Internacional de Ciudad Obregón, Son.*",34.0
-110.92,27.97,MMGM,SON,"Aeropuerto Internacional de Guaymas, Son.*",32.7
-111.05,29.09,MMHO,SON,"Aeropuerto Internacional de Hermosillo, Son.*",36.8
-110.24,30.6,BCNSO,SON,"Bacanuchi, Son.",33.0
-112.16,30.6,CHAPARRAL,SON,"Chaparral, Son. REMAS*",34.4
-109.69,27.03,BUAYSIACOBE,SON,"Buaysiacobe, Son. INIFAP*",35.4
-112.44,30.77,CABORCA,SON,"Caborca, Son. SMN*",35.8
-109.4,27.13,TESIA,SON,"Tesia, Son.  INIFAP*",36.9
-111.72,29.06,DOLORES,SON,"Dolores Jam, Son. REMAS*",35.7
-109.04,26.43,EZAPATAS,SON,"Ejido Emiliano Zapata Sur, Son. REMAS*",36.1
-109.07,26.47,EZAPATAN,SON,"Ejido Emiliano Zapata Norte, Son. REMAS*",36.9
-111.26,28.98,SANTONINO,SON,"Santo Niño, Son. REMAS*",36.5
-111.59,28.98,ELROSARIO2SO,SON,"El Rosario 2, Son. REMAS*",35.7
-110.16,27.32,BLOCK1213,SON,"Block 1213, Son. REMAS*",35.4
-109.7,26.77,JULIANTABAMPO,SON,"Juliantabampo, Son. REMAS*",33.3
-108.94,27.02,ALASO,SON,"Alamos, Son. SMN*",36.6
-112.87,30.74,COSTERO,SON,"El Costero, Son. REMAS*",33.0
-113.54,31.3,PTOPENASCOob,SON,"Observatorio de Puerto Peñasco, Son. SMN*",29.6
-109.89,27.75,AGCSO,SON,"Agua Caliente, Son.",35.5
-109.64,28.98,PECSO,SON,"Plutarco Elías Calles, Son.",40.7
-109.75,27.12,BLOCK228,SON,"Block 228, Son.  REMAS*",36.0
-109.11,27.23,ARCSO,SON,"Adolfo Ruiz Cortines, Son.",39.2
-110.8,27.95,EMPALMEob,SON,"Observatorio de Empalme, Son. SMN*",34.1
-109.93,27.37,OBOSO,SON,"Observatorio Cd. Obregón, Son.",38.0
-110.24,28.71,SJPSO,SON,"San José de Pimas, Son.",38.1
-108.94,27.02,ALMSO,SON,"Alamos, Son.",36.4
-110.55,27.58,GUAYMASMAR,SON,"Guaymas, Son. SEMAR*",31.7
-110.14,29.67,BAVIACORA,SON,"Baviácora, Son. REMAS*",36.4
-113.54,31.31,PTOPENASCOMAR,SON,"Puerto Peñasco, Son. SEMAR*",29.5
-108.97,26.8,CHINO,SON,"Chino Gordo, Son. REMAS*",38.8
-109.58,26.96,CAMPO20,SON,"Campo el 20, Son. REMAS*",36.0
-110.72,30.34,LADRILLERA,SON,"La Ladrillera, Son. REMAS*",35.0
-112.35,30.51,SURCABORACA,SON,"Sur Caborca, Son. REMAS*",35.0
-111.15,30.54,TIERRAVIEJA,SON,"Campo Tierra Vieja, Son.REMAS*",35.7
-111.82,30.6,EUGENIA,SON,"María Eugenia, Son. REMAS*",36.0
-114.97,32.3,BONFIL,SON,"Despepite Bonfil Nuevo León, Son. REMAS*",36.0
-109.42,26.97,CAPETAMAYA,SON,"Capetamaya, Son. REMAS*",38.9
-111.76,29.24,CHIPILON,SON,"Chipilón, Son. REMAS*",36.5
-109.53,26.81,REGLA,SON,"La Regla, Son. REMAS*",36.3
-111.23,30.05,CARRIZO,SON,"El Carrizo, Son. REMAS*",35.0
-110.26,27.28,BLOCK1423,SON,"Block 1423, Son. REMAS*",34.8
-111.83,30.71,ALTARob,SON,"Observatorio de Altar, Son. SMN*",25.5
-92.75,17.38,OXOTB,TAB,"Oxolotán, Tab.",40.6
-91.48,17.43,BDCTB,TAB,"Boca del Cerro, Tab.",41.2
-92.97,17.57,TEATB,TAB,"Teapa, Tab.",40.1
-92.94,17.57,PUYTB,TAB,"Puyacatengo, Tab.",39.1
-92.6,17.77,MACTB,TAB,"Macuspana, Tab.",41.1
-93.38,18,CARTB,TAB,"Cárdenas, Tab.",39.6
-92.88,17.85,PNVTB,TAB,"Pueblo Nuevo, Tab.",40.4
-93,17.98,GONTB,TAB,"González, Tab.",40.0
-93.28,18,SAMTB,TAB,"Samaria, Tab.",39.5
-92.92,17.98,EMUTB,TAB,"Villahermosa Muelle, Tab.",39.9
-92.81,18.04,EPOTB,TAB,"El Porvenir, Tab.",39.9
-93.33,18.42,PARAISO,TAB,"Paraíso, Tab. SMN*",37.3
-92.78,17.46,TAPTB,TAB,"Tapijulapa, Tab.",39.7
-91.16,17.79,SPTTB,TAB,"San Pedro, Tab.",40.4
-92.82,18,MMVA,TAB,"Aeropuerto Internacional de Villahermosa, Tab.*",38.3
-91.23,17.29,CUSUMACINTA,TAB,"Cañón Usumacinta, Tab. SMN*",39.7
-93.62,18.18,POBLADOC11,TAB,"Poblado C11, Tab. SGT*",39.3
-92.65,18.41,PCENTLA,TAB,"Pantanos de Centla, Tab. SMN*",38.8
-93.38,18,CARDENASPCT,TAB,"Cárdenas Protección Civil, Tab.",40.0
-92.15,18.52,FRONTERAmar,TAB,"Frontera, Tab. SEMAR*",38.1
-99.27,24.02,STETP,TAMP,"Santa Engracia, Tamps.",38.2
-97.88,22.24,TMPTP,TAMP,"Tampico, Tamps.",35.1
-97.84,22.28,MDRTP,TAMP,"Madero, Tamps.",33.2
-97.93,22.39,BALTP,TAMP,"Bombas Altamira, Tamps.",35.4
-98.42,22.42,TMSTP,TAMP,"Tamesí, Tamps.",39.1
-98.69,22.6,ERCTP,TAMP,"Estudiante Ramiro Caballero Dorantes, Tamps.",42.7
-98.87,22.78,SDATP,TAMP,"Saca de Agua, Tamps.",40.5
-98.71,22.8,MGSTP,TAMP,"Magiscatzín Dos, Tamps.",41.9
-99.12,22.85,LSRTP,TAMP,"La Servilleta, Tamps.",40.7
-99.03,22.84,RFRTP,TAMP,"Río Frío, Tamps.",42.2
-98.79,22.94,SLZTP,TAMP,"Lic. Emilio Portes Gil, Tamps.",41.7
-99.09,23.03,SBNTP,TAMP,"Sabinas, Tamps.",39.9
-98.79,23.08,SGBTP,TAMP,"San Gabriel, Tamps.",40.6
-97.99,23.26,RSPTP,TAMP,"República Española, Tamps.",37.6
-99.08,23.38,ENNTP,TAMP,"La Encantada, Tamps.",37.8
-99.17,23.72,CVCTP,TAMP,"Observatorio de Ciudad Victoria, Tamps.",40.4
-98.67,23.96,VGRTP,TAMP,"Vicente Guerrero, Tamps.",40.6
-98.9,24.05,PADTP,TAMP,"Padilla, Tamps.",42.8
-98.39,24.07,ABSTP,TAMP,"Abasolo, Tamps.",39.2
-99.12,24.08,BR1TP,TAMP,"El Barretal Uno, Tamps.",39.2
-99.22,24.1,BRRTP,TAMP,"El Barretal, Tamps.",39.8
-99.02,24.21,PILTP,TAMP,"Pilón, Tamps.",41.3
-99.58,24.18,PVLTP,TAMP,"Puerto de Valles, Tamps.",37.9
-99.56,24.25,PJMTP,TAMP,"Pedro José Méndez, Tamps.",39.1
-99.43,24.25,MHGTP,TAMP,"Miguel Hidalgo, Tamps.",41.8
-99.55,24.57,MAGTP,TAMP,"Magueyes, Tamps.",38.8
-97.82,25.97,CONTP,TAMP,"Control, Tamps.",35.1
-97.8,25.7,VHMTP,TAMP,"Valle Hermoso, Tamps.",35.4
-97.8,25.8,PANTP,TAMP,"Pueblo Anáhuac, Tamps.",35.2
-97.52,25.83,MATTP,TAMP,"Matamoros, Tamps.",34.5
-97.8,25.91,VCATP,TAMP,"Villa Cárdenas, Tamps.",35.0
-98.29,26.08,RYATP,TAMP,"S-J-3-42 Reynosa, Tamps.",37.4
-98.88,26.17,RYNTP,TAMP,"S-J-2-9 Reynosa, Tamps.",37.5
-98.6,26.24,CDOTP,TAMP,"S-J-2-18 Ciudad Díaz Ordaz, Tamps.",37.7
-99.19,23.73,CVTTP,TAMP,"Ciudad Victoria, Tamps.",38.8
-99.15,22.99,AHLTP,TAMP,"Ahualulco, Tamps.",41.7
-98.94,23.94,CORTP,TAMP,"Corona, Tamps.",40.0
-97.95,23.17,LAETP,TAMP,"La Esperanza, Tamps.",37.1
-98.21,23.76,SLMTP,TAMP,"Observatorio de Soto la Marina, Tamps.",40.6
-99.55,24.57,VSMTP,TAMP,"Victoria San Marcos, Tamps.",38.3
-98.81,25.03,CNDTP,TAMP,"Cándido Aguilar, Tamps.",39.8
-98.59,25.12,MENTP,TAMP,"Mendez, Tamps.",39.7
-98.93,26.2,MRGTP,TAMP,"Marte Rodolfo Gómez, Tamps.",38.3
-98.96,23.71,MMCV,TAMP,"Aeropuerto Internacional de Ciudad Victoria, Tamps.*",37.3
-97.53,25.77,MMMA,TAMP,Aeropuerto Internacional de Matamoros Tamps.*,34.2
-98.23,26.01,MMRX,TAMP,"Aeropuerto Internacional de Reynosa, Tamps.*",34.5
-99.57,27.45,MMNL,TAMP,"Aeropuerto Internacional de Nuevo Laredo, Tamps.*",37.3
-97.86,22.29,MMTM,TAMP,"Aeropuerto Internacional de Tampico, Tamps.*",33.9
-99.92,22.58,CIUDADMANTE,TAMP,"Ciudad Mante, Tamps. SMN*",41.8
-99.49,24.3,VILLAGRAN,TAMP,"Villagrán, Tamps. SMN*",39.3
-98.84,26.31,SANJUAN2,TAMP,"San Juan, Tamps. SGT*",34.1
-97.93,22.39,ALTAMIRAob,TAMP,"Observatorio de Altamira, Tamps. SMN*",35.2
-97.91,19.2,ZITTL,TLAX,"Zitlaltepec, Tlax.",29.7
-98.24,19.22,ZACTL,TLAX,"Zacatelco, Tlax.",30.7
-97.77,19.3,CUATL,TLAX,"Cuapiaxtla, Tlax.",30.3
-97.65,19.32,ECTTL,TLAX,"El Carmen Tequexquitla, Tlax.",31.8
-98.25,19.32,OBSTL,TLAX,"Observatorio de Tlaxcala, Tlax.",32.3
-98.2,19.56,SJATL,TLAX,"San José Atlanga, Tlax.",29.1
-98.56,19.59,CPPTL,TLAX,"Calpulalpan, Tlax.",27.2
-98.13,19.43,APITL,TLAX,"Apizaco, Tlax.",28.5
-97.95,19.31,HUATL,TLAX,"Huamantla, Tlax. SMN*",29.7
-98.23,19.32,TLAXCALAob,TLAX,"Observatorio de Tlaxcala, Tlax. SMN*",32.4
-98.04,19.3,MALINCHEI,TLAX,"La Malinche 1, Tlax. SMN*",25.8
-95.03,18.52,SONVC,VER,"Sontecomapan, Ver.",37.6
-96.97,19.45,TAPVC,VER,"Tapachapan, Ver.",32.3
-96.95,19.23,TOTVC,VER,"Totutla, Ver.",32.0
-96.97,19.55,OTIVC,VER,"Otilpan, Ver.",33.1
-94.92,17.42,LPEVC,VER,"Las Perlas, Ver.",40.7
-95.03,17.43,JCRVC,VER,"Jesús Carranza, Ver.",40.3
-94.09,17.87,JDCVC,VER,"San José del Carmen, Ver.",40.9
-95.13,17.88,SJEVC,VER,"San Juan Evangelista, Ver.",41.1
-94.77,18.14,MNZVC,VER,"Minzapan, Ver.",39.9
-95.35,18.25,LAUVC,VER,"Lauchapan, Ver.",39.7
-95.56,18.27,GARVC,VER,"Garro, Ver.",43.5
-95.44,18.58,ARCVC,VER,"Angel Rosario Cabada, Ver.",38.7
-96.37,19.36,CRDVC,VER,"Cardel, Ver.",38.1
-96.55,19.4,IDOVC,VER,"Idolos, Ver.",37.4
-97.39,19.41,ZALVC,VER,"Zalayeta, Ver.",29.3
-96.93,19.48,BRIVC,VER,"Briones, Ver.",32.9
-96.59,19.5,ACTVC,VER,"Actopan, Ver.",38.0
-96.92,19.53,XOBVC,VER,"Observatorio de Xalapa, Ver.",34.5
-96.85,19.55,XCFVC,VER,"Xalapa CFE, Ver.",33.0
-97.02,19.6,JOYVC,VER,"La Joya, Ver.",28.2
-97.23,19.76,ALTVC,VER,"Altotonga, Ver.",31.9
-96.98,20.05,LIBVC,VER,"Libertad, Ver.",38.6
-97.81,20.89,SBTVC,VER,"Sombrerete, Ver.",37.8
-97.68,20.93,ALAVC,VER,"Alamo Temapache, Ver.",38.9
-98.36,21.3,PSNVC,VER,"Platón Sánchez, Ver.",42.1
-98.41,21.5,TMPVC,VER,"Tempoal, Ver.",41.3
-98.16,21.74,CHYVC,VER,"Paso de Piedras, Ver.",37.8
-98.46,21.77,HGOVC,VER,"El Higo, Ver.",39.5
-98.51,21.84,OLVVC,VER,"El Olivo, Ver.",40.7
-98.18,22.06,PNCVC,VER,"Pánuco, Ver.",39.3
-98.29,21.19,HLSVC,VER,"Los Hules, Ver.",41.1
-94.16,17.57,TMOVC,VER,"Tierra Morada, Ver.",40.4
-97.27,19.55,PEROTESMN,VER,"Perote, Ver. SMN*",29.3
-96.92,19.81,TNCVC,VER,"Tenochtitlán, Ver.",34.5
-95.3,18.14,CTTVC,VER,"Cuatotolapan, Ver.",40.6
-95.42,18.47,TZAVC,VER,"Tres Zapotes, Ver.",40.2
-97.1,18.85,ORZVC,VER,"Observatorio de Orizaba, Ver.",33.4
-96.11,19.15,VERVC,VER,"Observatorio de Veracruz, Ver.",36.0
-96.95,19.18,HTSVC,VER,"Huatusco, Ver.",31.4
-94.58,18.1,MMMT,VER,"Aeropuerto Internacional de Minatitlán, Ver.*",37.4
-96.19,19.14,MMVR,VER,"Aeropuerto Internacional de Veracruz, Ver.*",37.2
-97.46,20.6,MMPA,VER,"Aeropuerto de Poza Rica, Ver.*",38.5
-97.54,21.07,CLHVC,VER,"Chalahuite, Ver.",39.6
-94.93,18.38,TUXTLASII,VER,"Los Tuxtlas 2, Ver. SMN*",33.4
-97.24,18.93,LOMAGRANDE,VER,"Loma Grande, Ver. SMN*",24.1
-96.93,19.51,XBSVC,VER,"Xalapa Base PC, Ver.",33.9
-96.92,19.53,XPMVC,VER,"Xalapa Palacio PC, Ver.",32.0
-96.94,19.53,XIMVC,VER,"Xalapa IMAC PC, Ver.",32.4
-96.92,19.54,XCNVC,VER,"Xalapa Constituyentes PC, Ver.",34.3
-96.86,19.55,XCAVC,VER,"Xalapa Castillo Protección Civil, Ver.",33.8
-96.9,19.56,XMNVC,VER,"Xalapa Minas PC, Ver.",32.2
-96.93,19.56,XSPVC,VER,"Xalapa Sefiplan PC, Ver.",30.9
-96.92,18.89,CORDOBASGT,VER,"Córdoba, Ver. SGT*",37.4
-95.97,19.04,ELSALADOMAR,VER,"El Salado, Ver. SEMAR*",34.1
-97.22,21.47,ISLALOBOSMAR,VER,"Isla Lobos, Ver. SEMAR*",30.0
-94.4,18.1,COTVC,VER,"Observatorio de Coatzacoalcos, Ver.",40.1
-95.98,19.06,ANTONmar,VER,"Antón Lizardo, Ver. SEMAR*",33.3
-96.09,19.18,ISACRIFICIOSmar,VER,"Isla de Sacrificios, Ver. SEMAR*",34.3
-96.41,19.73,LVERDEmar,VER,"Laguna Verde, Ver. SEMAR*",34.1
-98.15,21.04,TRRVC,VER,"Terrerillos, Ver.",41.0
-97.88,21.33,CITLALTEPEC,VER,"Citlaltepec, Ver. SMN*",38.9
-88.93,20.13,PETYC,YUC,"Peto, Yuc.",38.7
-89.39,20.29,OXKYC,YUC,"Oxkutzcab, Yuc.",43.2
-89.56,20.4,TICYC,YUC,"Ticul, Yuc.",43.0
-89.08,20.46,CANYC,YUC,"Cantamayec, Yuc.",42.0
-89.71,20.49,MUNYC,YUC,"Muna, Yuc.",41.7
-89.83,20.75,CHOYC,YUC,"Chocholá, Yuc.",42.6
-89.65,20.95,MEOYC,YUC,"Observatorio de Mérida, Yuc.",41.5
-89.66,20.98,GARYC,YUC,"Organismo de Cuenca Península de Yucatán, Yuc.",41.6
-89.64,21.03,CICYC,YUC,"Centro de Investigación Científica, Yuc.",42.4
-87.99,21.16,TIZIMIN,YUC,"Tizimín, Yuc. SMN*",39.0
-88.17,21.16,TIZYC,YUC,"Tizimín, Yuc.",39.1
-89.22,19.88,BECYC,YUC,"Becanchén, Yuc.",42.7
-90.38,20.86,CELYC,YUC,"Celestún, Yuc. SMN*",37.0
-89.44,21.11,MOCYC,YUC,"Mocochá, Yuc.",41.7
-89.29,21.09,MTOYC,YUC,"Motul, Yuc.",40.8
-88.16,21.57,RILYC,YUC,"Río Lagartos, Yuc. SMN*",37.0
-88.2,20.69,VALYC,YUC,"Observatorio de Valladolid, Yuc.",39.0
-89.65,21.28,PROYC,YUC,"Observatorio de Progreso, Yuc.",39.2
-89.66,20.93,MMMD,YUC,"Aeropuerto Internacional de Mérida, Yuc.*",40.9
-88.45,20.64,MMCT,YUC,"Aeropuerto Internacional de Chichén Itzá, Yuc.*",37.5
-89.64,21.05,FIYYC,YUC,"Facultad de Ingeniería Universidad Autónoma de Yucatán, Yuc.",40.6
-89.5,21.08,CONYC,YUC,"Conkal, Yuc.",42.9
-89.68,20.65,ABAYC,YUC,"Abalá, Yuc.",42.2
-88.16,21.57,RLAYC,YUC,"Río Lagartos, Yuc.",37.7
-88.22,20.68,VALLADOLIDob,YUC,"Observatorio de Valladolid, Yuc. SMN*",39.7
-89.7,21.28,YUCALPETENmar,YUC,"Yucalpetén, Yuc. SEMAR*",35.6
-103.51,24.29,SGOZC,ZAC,"Santiago, Zac.",35.0
-102.85,21.36,NCTZC,ZAC,"Nochistlán, Zac.",35.7
-103.34,21.59,VILZC,ZAC,"José María Morelos, Zac.",43.1
-103.35,21.65,EXCZC,ZAC,"Miguel Alemán, Zac.",37.1
-103.31,21.77,TLLZC,ZAC,"Tlaltenango, Zac.",36.9
-103.46,21.81,ATGZC,ZAC,"Atolinga, Zac.",33.9
-102.9,22,CHIZC,ZAC,"El Chique, Zac.",37.0
-101.4,22.12,PINZC,ZAC,"Pino Suárez, Zac.",34.1
-102.86,22.12,TAYZC,ZAC,"Ing. Julián Adame Alatorre, Zac.",36.9
-102.8,22.35,PALZC,ZAC,"Palomas, Zac.",33.1
-102.04,22.67,ELSZC,ZAC,"El Saladillo, Zac.",35.7
-102.51,22.75,GPEZC,ZAC,"Guadalupe, Zac.",34.2
-102.51,22.75,ZA2ZC,ZAC,"Zacatecas, Zac. SMN*",26.3
-102.58,22.76,ZACZC,ZAC,"Zacatecas, Zac.",31.7
-103.38,22.85,LOBZC,ZAC,"Manuel Felgueres, Zac.",33.3
-103.11,22.92,STRZC,ZAC,"Santa Rosa, Zac.",32.9
-102.66,23,LLBZC,ZAC,"Llano Blanco, Zac.",34.9
-102.89,23.17,FREZC,ZAC,"Fresnillo, Zac.",34.4
-103.22,23.18,LREZC,ZAC,"Gobernador Leobardo Reynoso, Zac.",33.6
-103.1,23.69,ELCZC,ZAC,"El Cazadero, Zac.",36.2
-103.03,23.82,RGRZC,ZAC,"Río Grande, Zac.",37.1
-102.88,24.32,SFOZC,ZAC,"San Francisco, Zac.",37.2
-103.88,23.47,TCHZC,ZAC,"Chalchihuites, Zac.",32.2
-103.4,24.28,JALZC,ZAC,"Juan Aldama, Zac.",35.5
-102.9,21.71,PMOZC,ZAC,"Los Moraleños, Zac.",40.2
-101.99,22.26,LORZC,ZAC,"Loreto, Zac.",34.7
-103.5,22.33,STEZC,ZAC,"Independencia Nacional, Zac.",34.6
-102.57,22.78,LBUZC,ZAC,"Observatorio de Zacatecas, Zac.",28.8
-103.64,23.64,SOMZC,ZAC,"Observatorio de Sombrerete, Zac.",35.1
-103.44,24.29,MGAZC,ZAC,"Miguel Auza, Zac.",34.1
-101.39,24.62,CORZC,ZAC,"Concepción del Oro, Zac.",33.7
-102.68,22.9,MMZC,ZAC,"Aeropuerto Internacional de Zacatecas, Zac.*",30.9
-101.72,22.35,VHGZC,ZAC,"Villa Hidalgo, Zac.",34.5
-103.6,22.69,LAFLORIDA,ZAC,"La Florida, Zac. SMN*",34.5
-101.71,24.62,70640,ZAC,#N/A,33.5
-101.8,24.63,70600,ZAC,#N/A,35.0
-101.72,24.65,70620,ZAC,#N/A,34.1
-101.67,24.66,70660,ZAC,#N/A,31.9
-103,22.64,JERZC,ZAC,"Jerez, Zac.",36.5
-102.79,21.56,TLAZC,ZAC,"Tlalchichila, Zac.",33.4
-102.57,22.78,ZACATECASob,ZAC,"Observatorio de Zacatecas, Zac. SMN*",32.3
